,ID,SMILES,EPFS_SMILES
0,DB00014,CC(C)C[C@H](NC(=O)[C@@H](COC(C)(C)C)NC(=O)[C@H](CC1=CC=C(O)C=C1)NC(=O)[C@H](CO)NC(=O)[C@H](CC1=CNC2=CC=CC=C12)NC(=O)[C@H](CC1=CN=CN1)NC(=O)[C@@H]1CCC(=O)N1)C(=O)N[C@@H](CCCN=C(N)N)C(=O)N1CCC[C@H]1C(=O)NNC(N)=O,"""11111111111110111111111010110111"""
1,DB00035,NC(=O)CC[C@@H]1NC(=O)[C@H](CC2=CC=CC=C2)NC(=O)[C@H](CC2=CC=C(O)C=C2)NC(=O)CCSSC[C@H](NC(=O)[C@H](CC(N)=O)NC1=O)C(=O)N1CCC[C@H]1C(=O)N[C@H](CCCNC(N)=N)C(=O)NCC(N)=O,"""11111111110111011011011001010101"""
2,DB00067,NCCCCC(NC(=O)C1CCCN1C(=O)C1CSSCC(N)C(=O)NC(CC2=CC=C(O)C=C2)C(=O)NC(CC2=CC=CC=C2)C(=O)NC(CCC(N)=O)C(=O)NC(CC(N)=O)C(=O)N1)C(=O)NCC(N)=O.NC1CSSCC(NC(=O)C(CC(N)=O)NC(=O)C(CCC(N)=O)NC(=O)C(CC2=CC=CC=C2)NC(=O)C(CC2=CC=C(O)C=C2)NC1=O)C(=O)N1CCCC1C(=O)NC(CCCN=C(N)N)C(=O)NCC(N)=O,"""11111111100111011011111001010101"""
3,DB00175,[H][C@]12[C@H](C[C@H](O)C=C1C=C[C@H](C)[C@@H]2CC[C@@H](O)C[C@@H](O)CC(O)=O)OC(=O)[C@@H](C)CC,"""01111111110000100110011110100010"""
4,DB00178,[H][C@@]12CCC[C@]1([H])N([C@@H](C2)C(O)=O)C(=O)[C@H](C)N[C@@H](CCC1=CC=CC=C1)C(=O)OCC,"""11111111110000101111111010100011"""
5,DB00181,NCC(CC(O)=O)C1=CC=C(Cl)C=C1,"""11111110100010000011010010000010"""
6,DB00186,OC1N=C(C2=CC=CC=C2Cl)C2=C(NC1=O)C=CC(Cl)=C2,"""11111110100010000010011001000001"""
7,DB00190,C[C@@](CC1=CC(O)=C(O)C=C1)(NN)C(O)=O,"""11111110100010000011100010000010"""
8,DB00198,CCOC(=O)C1=C[C@@H](OC(CC)CC)[C@H](NC(C)=O)[C@@H](N)C1,"""11111111111000100111010100100000"""
9,DB00200,[N+]1=2[Co-3]345([N+]6=C7[C@H]([C@@](CC(=O)N)(C)[C@@]6([C@@]6(N3C(=C(C)C3=[N+]4C(C(C)(C)[C@@H]3CCC(=O)N)=CC3=[N+]5C(=C7C)[C@@](CC(=O)N)([C@@H]3CCC(=O)N)C)[C@@](C)([C@H]6CC(=O)N)CCC(NC[C@@H](C)OP(=O)(O[C@@H]3[C@H](O[C@H](N(C4=CC(=C(C=C14)C)C)C=2)[C@@H]3O)CO)[O-])=O)[H])C)CCC(=O)N)O[H],"""11111111111010101111011010100110"""
10,DB00201,CN1C=NC2=C1C(=O)N(C)C(=O)N2C,"""10111111100000110010011000110111"""
11,DB00207,CC[C@H]1OC(=O)[C@H](C)[C@@H](O[C@H]2C[C@@](C)(OC)[C@@H](O)[C@H](C)O2)[C@H](C)[C@@H](O[C@@H]2O[C@H](C)C[C@@H]([C@H]2O)N(C)C)[C@](C)(O)C[C@@H](C)CN(C)[C@H](C)[C@@H](O)[C@]1(C)O,"""11111101110000110110011100100000"""
12,DB00209,[H][C@]12CC[C@]([H])(C[C@@H](C1)OC(=O)C(O)(C1=CC=CC=C1)C1=CC=CC=C1)[N+]21CCCC1,"""11111111100000001110111110000010"""
13,DB00210,COC1=C(C=C(C=C1)C1=CC2=C(C=C1)C=C(C=C2)C(O)=O)C12CC3CC(CC(C3)C1)C2,"""01111110101010000011011011000011"""
14,DB00213,COC1=C(OC)C(CS(=O)C2=NC3=C(N2)C=C(OC(F)F)C=C3)=NC=C1,"""10111110101011100010011010000011"""
15,DB00214,CC(C)NC(=O)NS(=O)(=O)C1=C(NC2=CC=CC(C)=C2)C=CN=C1,"""11111111100111110010011001100111"""
16,DB00215,CN(C)CCCC1(OCC2=C1C=CC(=C2)C#N)C1=CC=C(F)C=C1,"""11111110100010111000101011100011"""
17,DB00220,[H][C@@]12CCCC[C@]1([H])CN(C[C@@H](O)[C@H](CSC1=CC=CC=C1)NC(=O)C1=C(C)C(O)=CC=C1)[C@@H](C2)C(=O)NC(C)(C)C,"""11111111110111111110011010100111"""
18,DB00221,CCC(NC(C)C)C(O)C1=CC(O)=C(O)C=C1,"""11111110100010101010000010100010"""
19,DB00222,CCC1=C(C)CN(C(=O)NCCC2=CC=C(C=C2)S(=O)(=O)NC(=O)N[C@H]2CC[C@H](C)CC2)C1=O,"""11111111110111111010111001100101"""
20,DB00224,CC(C)(C)NC(=O)[C@@H]1CN(CC2=CN=CC=C2)CCN1C[C@@H](O)C[C@@H](CC1=CC=CC=C1)C(=O)N[C@@H]1[C@H](O)CC2=CC=CC=C12,"""11111111110100110111111011110111"""
21,DB00238,CC1=C2NC(=O)C3=C(N=CC=C3)N(C3CC3)C2=NC=C1,"""11111111100110000010111011000011"""
22,DB00239,ClC1=CC(Cl)=C(CO\N=C(/CN2C=CN=C2)C2=CC=C(Cl)C=C2Cl)C=C1,"""11111110101010010000001011001011"""
23,DB00244,NC1=CC(C(O)=O)=C(O)C=C1,"""11111110100010000010010010000010"""
24,DB00245,[H][C@]12CC[C@]([H])(C[C@@]([H])(C1)OC(C1=CC=CC=C1)C1=CC=CC=C1)N2C,"""11111110100000000000001010000010"""
25,DB00246,ClC1=C(CCN2CCN(CC2)C2=NSC3=CC=CC=C23)C=C2CC(=O)NC2=C1,"""11111111100011010011011001000111"""
26,DB00248,[H][C@@]12CC3=CNC4=CC=CC(=C34)[C@@]1([H])C[C@H](CN2CC=C)C(=O)N(CCCN(C)C)C(=O)NCC,"""11111101110000111011011000100100"""
27,DB00251,CC(C)N1CCN(CC1)C1=CC=C(OC[C@@H]2CO[C@](CN3C=NC=N3)(O2)C2=C(Cl)C=C(Cl)C=C2)C=C1,"""11111110101010110001101011110011"""
28,DB00253,[H][C@@]12CC[C@H](C(C)=O)[C@@]1(C)C[C@H](O)[C@@]1([H])[C@@]2([H])C[C@H](C)C2=CC(=O)CC[C@]12C,"""01111101110000100010011000100001"""
29,DB00259,NC1=CC=C(C=C1)S(N)(=O)=O,"""11111110100011000010010010000010"""
30,DB00260,N[C@@H]1CONC1=O,"""10110010001000000000000000000000"""
31,DB00261,ClC1=CC=C2N=C3NC(=O)CN3CC2=C1Cl,"""11111111100100010010011001000011"""
32,DB00266,OC1=C(CC2=C(O)C3=C(OC2=O)C=CC=C3)C(=O)OC2=C1C=CC=C2,"""01111111100010000011011001000011"""
33,DB00267,[H][C@]12SCC(CSC3=NN=NN3C)=C(N1C(=O)[C@H]2NC(=O)C(=N/OC)\C1=CSC(N)=N1)C(O)=O,"""11111111100111100010011000011000"""
34,DB00273,[H][C@@]12CO[C@@]3(COS(N)(=O)=O)OC(C)(C)O[C@@]3([H])[C@]1([H])OC(C)(C)O2,"""10111100101001100010011000100000"""
35,DB00277,CN1C2=C(NC=N2)C(=O)N(C)C1=O,"""10111111100010110010011000110101"""
36,DB00280,CC(C)N(CCC(C(N)=O)(C1=CC=CC=C1)C1=NC=CC=C1)C(C)C,"""11111110100000101011010010100010"""
37,DB00282,NCCC(O)(P(O)(O)=O)P(O)(O)=O,"""11111100100000001010010000000000"""
38,DB00285,COC1=CC=C(C=C1)C(CN(C)C)C1(O)CCCCC1,"""11111110101010111010100010100010"""
39,DB00287,CC(C)OC(=O)CCC\C=C/C[C@H]1[C@@H](O)C[C@@H](O)[C@@H]1\C=C\[C@@H](O)COC1=CC=CC(=C1)C(F)(F)F,"""01111111101000101110010100101010"""
40,DB00289,CNCC[C@@H](OC1=CC=CC=C1C)C1=CC=CC=C1,"""11111010100000110100000010000010"""
41,DB00302,NC[C@H]1CC[C@@H](CC1)C(O)=O,"""11111110100000000111100000000000"""
42,DB00308,CCCCCCCN(CC)CCCC(O)C1=CC=C(NS(C)(=O)=O)C=C1,"""11111110100011111011010010100010"""
43,DB00310,NS(=O)(=O)C1=C(Cl)C=CC(=C1)C1(O)NC(=O)C2=CC=CC=C12,"""11111111100111000010011010000011"""
44,DB00316,CC(=O)NC1=CC=C(O)C=C1,"""11111111100010000010010010000110"""
45,DB00319,[H][C@]12SC(C)(C)[C@@H](N1C(=O)[C@H]2NC(=O)[C@H](NC(=O)N1CCN(CC)C(=O)C1=O)C1=CC=CC=C1)C(O)=O,"""11111111110101110111011010110110"""
46,DB00321,CN(C)CCC=C1C2=CC=CC=C2CCC2=CC=CC=C12,"""11011010100000111000001011100011"""
47,DB00322,OC[C@H]1O[C@H](C[C@@H]1O)N1C=C(F)C(=O)NC1=O,"""10111111110010000010010000010100"""
48,DB00331,CN(C)C(=N)NC(N)=N,"""10011100100000110000000000100000"""
49,DB00333,CCC(=O)C(CC(C)N(C)C)(C1=CC=CC=C1)C1=CC=CC=C1,"""11111111100000101011010010100010"""
50,DB00335,CC(C)NCC(O)COC1=CC=C(CC(N)=O)C=C1,"""11111110101010100011010010100010"""
51,DB00340,CN1CCCC(CC2C3=CC=CC=C3SC3=CC=CC=C23)C1,"""11011110100001011001001001010001"""
52,DB00341,OC(=O)COCCN1CCN(CC1)C(C1=CC=CC=C1)C1=CC=C(Cl)C=C1,"""11111111101010010011110110010010"""
53,DB00347,CN1C(=O)OC(C)(C)C1=O,"""10111111100000110010010000110000"""
54,DB00353,[H][C@@]12CC3=CNC4=CC=CC(=C34)C1=C[C@H](CN2C)C(=O)N[C@@H](CC)CO,"""11111111111000110111011000000100"""
55,DB00354,CC(C)(C)C1=CC=C(CN2CCN(CC2)C(C2=CC=CC=C2)C2=CC=C(Cl)C=C2)C=C1,"""11011110100010110001001011100011"""
56,DB00355,C[C@H]1[C@H](NC(=O)C(=N/OC(C)(C)C(=O)O)\C2=CSC([NH3+])=N2)C(=O)N1S([O-])(=O)=O,"""10111101110101100010011000111101"""
57,DB00356,ClC1=CC2=C(OC(=O)N2)C=C1,"""11111111100010000010011110000111"""
58,DB00363,CN1CCN(CC1)C1=NC2=CC(Cl)=CC=C2NC2=CC=CC=C12,"""11011110100000010001101011010011"""
59,DB00364,O.O[Al](O)O.O[Al](O)OS(=O)(=O)OC[C@H]1O[C@@](COS(=O)(=O)O[Al](O)O)(O[C@H]2O[C@H](COS(=O)(=O)O[Al](O)O)[C@@H](OS(=O)(=O)O[Al](O)O)[C@H](OS(=O)(=O)O[Al](O)O)[C@H]2OS(=O)(=O)O[Al](O)O)[C@@H](OS(=O)(=O)O[Al](O)O)[C@@H]1OS(=O)(=O)O[Al](O)O,"""00111000111001000110011000000000"""
60,DB00368,NC[C@H](O)C1=CC(O)=C(O)C=C1,"""11111110110010000010000010000010"""
61,DB00369,NC1=NC(=O)N(C[C@@H](CO)OCP(O)(O)=O)C=C1,"""10111111101100000110010010000110"""
62,DB00370,CN1CCN2C(C1)C1=CC=CC=C1CC1=C2N=CC=C1,"""11011110100000010000101011010011"""
63,DB00373,[H][C@](O)(CNC(C)(C)C)COC1=NSN=C1N1CCOCC1,"""11111110101001110010100000110010"""
64,DB00376,OC(CCN1CCCCC1)(C1CCCCC1)C1=CC=CC=C1,"""11111110100000011001100010010010"""
65,DB00381,CCOC(=O)C1=C(COCCN)NC(C)=C(C1C1=CC=CC=C1Cl)C(=O)OC,"""11111111101010110010010110100010"""
66,DB00383,CN1CCCN=C1COC(=O)C(O)(C1CCCCC1)C1=CC=CC=C1,"""11111111101000011010110110010010"""
67,DB00384,NC1=NC(N)=C2N=C(C(N)=NC2=N1)C1=CC=CC=C1,"""11011110100010000000001011010011"""
68,DB00385,[H][C@@]1(C[C@@](O)(CC2=C(O)C3=C(C(O)=C12)C(=O)C1=C(OC)C=CC=C1C3=O)C(=O)COC(=O)CCCC)O[C@H]1C[C@H](NC(=O)C(F)(F)F)[C@H](O)[C@H](C)O1,"""11111111111110101011011110100011"""
69,DB00387,OC(CCN1CCCC1)(C1CCCCC1)C1=CC=CC=C1,"""11111110100000011001100010010010"""
70,DB00388,CNC[C@H](O)C1=CC(O)=CC=C1,"""11111110110000010010000010000010"""
71,DB00390,[H][C@]12CC[C@]3([H])[C@]([H])(C[C@@H](O)[C@]4(C)[C@H](CC[C@]34O)C3=CC(=O)OC3)[C@@]1(C)CC[C@@H](C2)O[C@H]1C[C@H](O)[C@H](O[C@H]2C[C@H](O)[C@H](O[C@H]3C[C@H](O)[C@H](O)[C@@H](C)O3)[C@@H](C)O2)[C@@H](C)O1,"""01111101110000100111011000100001"""
72,DB00392,CCN(CC)C(C)CN1C2=CC=CC=C2SC2=CC=CC=C12,"""11011110100001110001001011110011"""
73,DB00395,CCCC(C)(COC(N)=O)COC(=O)NC(C)C,"""11111101101000101010010100100100"""
74,DB00399,OC(CN1C=CN=C1)(P(O)(O)=O)P(O)(O)=O,"""10111110100000010010010000010010"""
75,DB00405,CN(C)CC[C@@H](C1=CC=C(Br)C=C1)C1=CC=CC=N1,"""11011110100010110100000010110010"""
76,DB00408,CN1CCN(CC1)C1=NC2=CC=CC=C2OC2=C1C=C(Cl)C=C2,"""11111110100010010001101001010011"""
77,DB00411,C[N+](C)(C)CCOC(N)=O,"""11111100101000100000000000100000"""
78,DB00419,CCCCN1C[C@H](O)[C@@H](O)[C@H](O)[C@H]1CO,"""11111000111000011110000000010000"""
79,DB00421,[H][C@@]12CC[C@@]3(CCC(=O)O3)[C@@]1(C)CC[C@@]1([H])[C@@]2([H])[C@@]([H])(CC2=CC(=O)CC[C@]12C)SC(C)=O,"""01111101100001101011011000100001"""
80,DB00424,CN1[C@H]2CC[C@@H]1C[C@@H](C2)OC(=O)[C@H](CO)C1=CC=CC=C1,"""11111111111000010110011110010011"""
81,DB00425,CN(C)C(=O)CC1=C(N=C2C=CC(C)=CN12)C1=CC=C(C)C=C1,"""11111111100010110010111011110011"""
82,DB00427,CC1=CC=C(C=C1)C(=C/CN1CCCC1)\C1=CC=CC=N1,"""11011110100010011000100010011010"""
83,DB00429,NC(CO)(CO)CO.CCCCC[C@](C)(O)\C=C\[C@H]1[C@H](O)C[C@H](O)[C@@H]1C\C=C/CCCC(O)=O,"""11111100111000101010000000101000"""
84,DB00430,[H][C@]12SCC(CSC3=NN=NN3C)=C(N1C(=O)[C@@]2([H])NC(=O)[C@H](NC(=O)C1=C(O)C=C(C)N=C1)C1=CC=C(O)C=C1)C(O)=O,"""11111111110111100010011010110010"""
85,DB00434,CN1CCC(CC1)=C1C2=CC=CC=C2C=CC2=CC=CC=C12,"""11011110100000011001101011010011"""
86,DB00435,[N]=O,"""10100000000000000000000000000000"""
87,DB00436,NS(=O)(=O)C1=CC2=C(NC(CC3=CC=CC=C3)NS2(=O)=O)C=C1C(F)(F)F,"""11111110100011000011011010000011"""
88,DB00437,OC1=NC=NC2=C1C=NN2,"""10110010000000000000001000000011"""
89,DB00438,[O-]C(=O)C1=C(CS[C@]2([H])[C@H](NC(=O)C(=N/OC(C)(C)C(O)=O)\C3=CSC(N)=N3)C(=O)N12)C[N+]1=CC=CC=C1,"""11111111110111100010011010111110"""
90,DB00441,NC1=NC(=O)N(C=C1)[C@@H]1O[C@H](CO)[C@@H](O)C1(F)F,"""10111111111100000110010010000110"""
91,DB00444,[H][C@]12COC(=O)[C@]1([H])[C@H](C1=CC(OC)=C(O)C(OC)=C1)C1=C(C=C3OCOC3=C1)[C@H]2O[C@]1([H])O[C@]2([H])CO[C@H](O[C@@]2([H])[C@H](O)[C@H]1O)C1=CC=CS1,"""01111111111011100010011100000010"""
92,DB00445,COC1=CC=CC2=C1C(=O)C1=C(O)C3=C(C[C@](O)(C[C@@H]3O[C@H]3C[C@H](N)[C@@H](O)[C@H](C)O3)C(=O)CO)C(O)=C1C2=O,"""11111111111010100110011000100011"""
93,DB00449,CNCC(O)C1=CC(OC(=O)C(C)(C)C)=C(OC(=O)C(C)(C)C)C=C1,"""11111111100010110010010110100010"""
94,DB00451,N[C@@H](CC1=CC(I)=C(OC2=CC(I)=C(O)C(I)=C2)C(I)=C1)C(O)=O,"""11111110100010000111101001000011"""
95,DB00452,NC[C@@H]1O[C@H](O[C@@H]2[C@@H](CO)O[C@@H](O[C@@H]3[C@@H](O)[C@H](N)C[C@H](N)[C@H]3O[C@H]3O[C@H](CN)[C@@H](O)[C@H](O)[C@H]3N)[C@@H]2O)[C@H](N)[C@@H](O)[C@@H]1O,"""10111000111000010110001000000000"""
96,DB00454,CCOC(=O)C1(CCN(C)CC1)C1=CC=CC=C1,"""11111111101000110011110110100010"""
97,DB00457,COC1=C(OC)C=C2C(N)=NC(=NC2=C1)N1CCN(CC1)C(=O)C1=CC=CO1,"""11111111101010110011111001010011"""
98,DB00458,CN(C)CCCN1C2=CC=CC=C2CCC2=CC=CC=C12,"""11011010100000111000001011110011"""
99,DB00459,COC1=C(C)C(C)=C(\C=C\C(\C)=C\C=C\C(\C)=C\C(O)=O)C(C)=C1,"""00111110101010100010010000101010"""
100,DB00461,COC1=CC2=C(C=C1)C=C(CCC(C)=O)C=C2,"""01111110101010101011011011100011"""
101,DB00462,[Br-].[H][C@@]12O[C@]1([H])[C@H]1C[C@H](C[C@@H]2[N+]1(C)C)OC(=O)[C@H](CO)C1=CC=CC=C1,"""11111111111000100010011110100010"""
102,DB00465,OC(=O)C1CCN2C1=CC=C2C(=O)C1=CC=CC=C1,"""11111111100000010010011111000011"""
103,DB00468,[H][C@]1(C[C@@H]2CC[N@]1C[C@@H]2C=C)[C@H](O)C1=CC=NC2=CC=C(OC)C=C12,"""11111110110010100010001010000011"""
104,DB00469,CN1C(C(=O)NC2=CC=CC=N2)=C(O)C2=C(C=CS2)S1(=O)=O,"""11111101100011010010011000010101"""
105,DB00471,OC(=O)CC1(CC1)CS[C@H](CCC1=CC=CC=C1C(O)(C)C)C1=CC=CC(\C=C\C2=NC3=C(C=CC(Cl)=C3)C=C2)=C1,"""11111111110011101011111111101011"""
106,DB00474,CCC#CC(C)C1(CC=C)C(=O)NC(=O)N(C)C1=O,"""11111111100100101011010000100100"""
107,DB00476,CNCC[C@H](OC1=CC=CC2=CC=CC=C12)C1=CC=CS1,"""11111010110001010000001010000011"""
108,DB00480,NC1=CC=CC2=C1CN(C1CCC(=O)NC1=O)C2=O,"""11111111100000011010011000000111"""
109,DB00484,BrC1=C(NC2=NCCN2)C=CC2=NC=CN=C12,"""11011110100010010000001000000011"""
110,DB00487,CCN1C=C(C(O)=O)C(=O)C2=CC(F)=C(C=C12)N1CCN(C)CC1,"""11111111100010110010111010110011"""
111,DB00489,CC(C)NCC(O)C1=CC=C(NS(C)(=O)=O)C=C1,"""11111110100011100010010010100010"""
112,DB00491,OCCN1C[C@H](O)[C@@H](O)[C@H](O)[C@H]1CO,"""11111000111000010110000000010000"""
113,DB00492,CCC(=O)O[C@@H](OP(=O)(CCCCC1=CC=CC=C1)CC(=O)N1C[C@@H](C[C@H]1C(O)=O)C1CCCCC1)C(C)C,"""11111111100000101111110010110110"""
114,DB00493,[H][C@]12SCC(COC(C)=O)=C(N1C(=O)[C@H]2NC(=O)C(=N/OC)\C1=CSC(N)=N1)C(O)=O,"""11111111101111100010011000111000"""
115,DB00495,CC1=CN([C@H]2C[C@H](N=[N+]=[N-])[C@@H](CO)O2)C(=O)NC1=O,"""11111111111000010110111000000100"""
116,DB00500,CN1C(CC(O)=O)=CC=C1C(=O)C1=CC=C(C)C=C1,"""11111111100010110011010010110010"""
117,DB00502,OC1(CCN(CCCC(=O)C2=CC=C(F)C=C2)CC1)C1=CC=C(Cl)C=C1,"""11111111100010011011111011000011"""
118,DB00514,[H][C@]12CCCC[C@]11CCN(C)[C@H]2CC2=C1C=C(OC)C=C2,"""11111110100010111000001001100011"""
119,DB00515,[H][N]([H])([H])[Pt](Cl)(Cl)[N]([H])([H])[H],"""10011000100000000000000000000000"""
120,DB00517,[Br-].CCCC(CCC)C(=O)O[C@H]1CC2CCC(C1)[N+]2(C)C,"""11111111100000101011011000100001"""
121,DB00519,[H][C@@]12C[C@H](N(C(=O)[C@H](C)N[C@@H](CCC3=CC=CC=C3)C(=O)OCC)[C@@]1([H])CCCC2)C(O)=O,"""11111101110000101111011000100001"""
122,DB00520,[H][C@@]12C[C@@H](O)CN1C(=O)[C@@H](NC(=O)[C@]([H])(C[C@@H](O)[C@@H](NCCN)NC(=O)[C@@H]1[C@@H](O)CCN1C(=O)[C@@H](NC(=O)[C@@H](NC2=O)[C@H](O)[C@@H](O)C1=CC=C(O)C=C1)[C@H](O)CCN)NC(=O)CCCCCCCC[C@@H](C)C[C@@H](C)CC)[C@@H](C)O,"""11111111110110111110011010110011"""
123,DB00521,CC(C)(C)NCC(O)COC1=CC=CC2=C1CCC(=O)N2,"""11111111101000101010011000100111"""
124,DB00529,OC(=O)P(O)(O)=O,"""00111101100000000010010100000000"""
125,DB00535,[H][C@]12SCC(C=C)=C(N1C(=O)[C@H]2NC(=O)C(=N/O)\C1=CSC(N)=N1)C(O)=O,"""11111111100111100010011000011000"""
126,DB00536,NC(N)=N,"""10011100100000000000000000000000"""
127,DB00540,CNCCC=C1C2=CC=CC=C2CCC2=CC=CC=C12,"""11010010000000011000001011000011"""
128,DB00543,ClC1=CC2=C(OC3=CC=CC=C3N=C2N2CCNCC2)C=C1,"""11111110100010010000001011000011"""
129,DB00544,FC1=CNC(=O)NC1=O,"""10111111100100010010010000000100"""
130,DB00548,OC(=O)CCCCCCCC(O)=O,"""01111101100000001010010100000000"""
131,DB00551,CC(=O)NO,"""11111101100000000010010000000100"""
132,DB00557,OCCOCCN1CCN(CC1)C(C1=CC=CC=C1)C1=CC=C(Cl)C=C1,"""11111110101010010001100010010010"""
133,DB00560,[H][C@@]12CC3=C(C(O)=C(NC(=O)CNC(C)(C)C)C=C3N(C)C)C(=O)C1=C(O)[C@]1(O)C(=O)C(C(N)=O)=C(O)[C@@H](N(C)C)[C@]1([H])C2,"""11111111100110110110011000100001"""
134,DB00562,NS(=O)(=O)C1=CC2=C(C=C1Cl)N=C(CSCC1=CC=CC=C1)NS2(=O)=O,"""11111110100011000010111010000011"""
135,DB00563,CN(CC1=CN=C2N=C(N)N=C(N)C2=N1)C1=CC=C(C=C1)C(=O)N[C@@H](CCC(O)=O)C(O)=O,"""11111111100010011111111011010111"""
136,DB00570,[H][C@@]12N(C)C3=CC(OC)=C(C=C3[C@@]11CCN3CC=C[C@@](CC)([C@@H](OC(C)=O)[C@]2(O)C(=O)OC)[C@@]13[H])[C@]1(C[C@@]2([H])CN(C[C@](O)(CC)C2)CCC2=C1NC1=C2C=CC=C1)C(=O)OC,"""11111111100010111111011011100011"""
137,DB00573,CC(C(O)=O)C1=CC(OC2=CC=CC=C2)=CC=C1,"""01111110100000000010011011000011"""
138,DB00575,ClC1=CC=CC(Cl)=C1NC1=NCCN1,"""11011110100000010000000000010010"""
139,DB00581,OC[C@H]1O[C@](O)(CO)[C@@H](O)[C@@H]1O[C@@H]1O[C@H](CO)[C@H](O)[C@H](O)[C@H]1O,"""00111000111000000110000000000000"""
140,DB00582,C[C@@H](C1=NC=NC=C1F)[C@](O)(CN1C=NC=N1)C1=C(F)C=C(F)C=C1,"""10111110100010010110000010010010"""
141,DB00585,CNC(NCCSCC1=CSC(CN(C)C)=N1)=C[N+]([O-])=O,"""11111110100001110000100000110000"""
142,DB00588,[H][C@@]12C[C@@H](C)[C@](OC(=O)CC)(C(=O)SCF)[C@@]1(C)C[C@H](O)[C@@]1(F)[C@@]2([H])C[C@H](F)C2=CC(=O)C=C[C@]12C,"""01111101110001100110011100100001"""
143,DB00590,COC1=C(OC)C=C2C(N)=NC(=NC2=C1)N1CCN(CC1)C(=O)C1COC2=CC=CC=C2O1,"""11111111101010110011111001010011"""
144,DB00593,CCC1(C)CC(=O)NC1=O,"""11111111100000101010110000100100"""
145,DB00596,[H][C@@]12C[C@H](C)[C@](O)(C(=O)CCl)[C@@]1(C)C[C@H](O)[C@@]1(F)[C@@]2([H])C[C@H](F)C2=CC(=O)C=C[C@]12C,"""01111101110000100010011000100001"""
146,DB00600,OC1=CC=C(OCC2=CC=CC=C2)C=C1,"""01111110100010000000001011000011"""
147,DB00606,NS(=O)(=O)C1=C(Cl)C=C2NC(NS(=O)(=O)C2=C1)C1CC2CC1C=C2,"""11111110100011000010111001000011"""
148,DB00612,CC(C)NCC(O)COC1=CC=C(COCCOC(C)C)C=C1,"""11111110101010100010000010100010"""
149,DB00617,CCC1(C)OC(=O)N(C)C1=O,"""11111111100000101010110100100100"""
150,DB00618,[H][C@]12C[C@@]3([H])[C@H](N(C)C)C(O)=C(C(N)=O)C(=O)[C@@]3(O)C(O)=C1C(=O)C1=C([C@H]2O)C(Cl)=CC=C1O,"""11111111110010100010011010100010"""
151,DB00619,CN1CCN(CC2=CC=C(C=C2)C(=O)NC2=CC(NC3=NC=CC(=N3)C3=CN=CC=C3)=C(C)C=C2)CC1,"""11111111100010110011111001110101"""
152,DB00630,NCCCC(O)(P(O)(O)=O)P(O)(O)=O,"""11111100100000001010010000000000"""
153,DB00634,CC(=O)NS(=O)(=O)C1=CC=C(N)C=C1,"""11111111100011000010010010000110"""
154,DB00641,[H][C@]12[C@H](C[C@@H](C)C=C1C=C[C@H](C)[C@@H]2CC[C@@H]1C[C@@H](O)CC(=O)O1)OC(=O)C(C)(C)CC,"""01111111110000100110011110100010"""
155,DB00645,CCCCOC1=CC=C(C=C1)C(=O)CCN1CCCCC1,"""11111111101010011010110010010010"""
156,DB00651,CN1C2=C(N(CC(O)CO)C=N2)C(=O)N(C)C1=O,"""11111111101010110011011000110101"""
157,DB00661,COC1=C(OC)C=C(CCN(C)CCCC(C#N)(C(C)C)C2=CC(OC)=C(OC)C=C2)C=C1,"""11111110101010111001001011100011"""
158,DB00666,CC(C)C[C@H](NC(=O)[C@@H](CC1=CC2=C(C=CC=C2)C=C1)NC(=O)[C@H](CC1=CC=C(O)C=C1)NC(=O)[C@H](CO)NC(=O)[C@H](CC1=CNC2=CC=CC=C12)NC(=O)[C@H](CC1=CNC=N1)NC(=O)[C@@H]1CCC(=O)N1)C(=O)N[C@@H](CCCNC(N)=N)C(=O)N1CCC[C@H]1C(=O)NCC(N)=O,"""11111111111110111111111011110111"""
159,DB00670,CN1CCN(CC(=O)N2C3=CC=CC=C3C(=O)NC3=C2N=CC=C3)CC1,"""11111111100000010011111001010101"""
160,DB00674,[H][C@]12C[C@@H](O)C=C[C@]11CCN(C)CC3=C1C(O2)=C(OC)C=C3,"""11111110100010110110001000100010"""
161,DB00675,CC\C(=C(/C1=CC=CC=C1)C1=CC=C(OCCN(C)C)C=C1)C1=CC=CC=C1,"""11111110100010110000000010101010"""
162,DB00678,CCCCC1=NC(Cl)=C(CO)N1CC1=CC=C(C=C1)C1=CC=CC=C1C1=NNN=N1,"""11111110101010001010100010010010"""
163,DB00682,CC(=O)CC(C1=CC=CC=C1)C1=C(O)C2=C(OC1=O)C=CC=C2,"""01111111100010000010011011000011"""
164,DB00686,O[C@@H]1CO[C@@H](O[C@@H]2CO[C@@H](O)[C@H](OS(O)(=O)=O)[C@H]2OS(O)(=O)=O)[C@H](OS(O)(=O)=O)[C@H]1OS(O)(=O)=O,"""00111000111001000110011000000000"""
165,DB00689,[H][C@]12SCC(COC(C)=O)=C(N1C(=O)[C@H]2NC(=O)[C@H](N)C1=CC=CC=C1)C(O)=O,"""11111111111111100010011010110010"""
166,DB00692,CC1=CC=C(C=C1)N(CC1=NCCN1)C1=CC(O)=CC=C1,"""11111110100010010011100010010010"""
167,DB00693,OC1=CC=C2C(OC3=CC(O)=CC=C3C22OC(=O)C3=C2C=CC=C3)=C1,"""01111111100000000010011101000011"""
168,DB00694,COC1=CC=CC2=C1C(=O)C1=C(O)C3=C(C[C@](O)(C[C@@H]3O[C@H]3C[C@H](N)[C@H](O)[C@H](C)O3)C(C)=O)C(O)=C1C2=O,"""11111111111010100010011000100011"""
169,DB00696,[H][C@@]12CCCN1C(=O)[C@H](CC1=CC=CC=C1)N1C(=O)[C@](C)(NC(=O)[C@H]3CN(C)[C@]4([H])CC5=CNC6=CC=CC(=C56)C4=C3)O[C@@]21O,"""11111111110100111011111010110010"""
170,DB00703,CN1N=C(S\C1=N\C(C)=O)S(N)(=O)=O,"""10111110100011110010010000111000"""
171,DB00705,CC(C)NC1=C(N=CC=C1)N1CCN(CC1)C(=O)C1=CC2=C(N1)C=CC(NS(C)(=O)=O)=C2,"""11111111100011110011111011110011"""
172,DB00717,[H][C@@]12CC[C@@](O)(C#C)[C@@]1(C)CC[C@]1([H])[C@@]3([H])CCC(=O)C=C3CC[C@@]21[H],"""01111101100000101010011000100000"""
173,DB00719,CN1CCC(CC1)=C1C2=CC=CC=C2CCC2=C1N=CC=C2,"""11011110100000011001101001010011"""
174,DB00725,[Br-].C[N+]1(C)C2CCC1CC(C2)OC(=O)C(O)C1=CC=CC=C1,"""11111111100000101010111110100011"""
175,DB00726,CC(CN(C)C)CN1C2=CC=CC=C2CCC2=CC=CC=C12,"""11011110100000111000001011110011"""
176,DB00735,CN(CC=CC1=CC=CC=C1)CC1=CC=CC2=CC=CC=C12,"""11011010100000010001101010000011"""
177,DB00737,CC1=CC(CN2CCN(CC2)C(C2=CC=CC=C2)C2=CC=C(Cl)C=C2)=CC=C1,"""11011110100010010001101011000011"""
178,DB00748,CN(C)CCOC(C1=CC=C(Cl)C=C1)C1=CC=CC=N1,"""11111110101010110000000010110010"""
179,DB00763,CN1C=CNC1=S,"""10010010000001010000000000010000"""
180,DB00768,CN(C)CC\C=C1\C2=CC=CC=C2COC2=C1C=C(CC(O)=O)C=C2,"""11111110101010110011011011101011"""
181,DB00771,C[N@@+]12CC[C@@H](CC1)C(C2)OC(=O)C(O)(C1=CC=CC=C1)C1=CC=CC=C1,"""11111111100000000111111110000011"""
182,DB00773,[H][C@]12COC(=O)[C@]1([H])[C@H](C1=CC(OC)=C(O)C(OC)=C1)C1=CC3=C(OCO3)C=C1[C@H]2O[C@@H]1O[C@]2([H])CO[C@@H](C)O[C@@]2([H])[C@H](O)[C@H]1O,"""01111111111010100110011110100010"""
183,DB00777,CCC(=O)C1=CC2=C(SC3=CC=CC=C3N2CC(C)N(C)C)C=C1,"""11111111100011101010011010100011"""
184,DB00780,NNCCC1=CC=CC=C1,"""11010010000000001000100010000010"""
185,DB00782,CC(C)[N+](C)(CCOC(=O)C1C2=CC=CC=C2OC2=CC=CC=C12)C(C)C,"""11111111101000100011011111100011"""
186,DB00784,CC1=C(C)C(NC2=CC=CC=C2C(O)=O)=CC=C1,"""11111110100010100010111011100011"""
187,DB00787,NC1=NC(=O)C2=C(N1)N(COCCO)C=N2,"""11111111101110000010011000010001"""
188,DB00789,[Gd+3].OC(=O)CN(CCN(CCN(CC(O)=O)CC([O-])=O)CC([O-])=O)CC([O-])=O,"""11111101100000010011010100000000"""
189,DB00790,[H][C@]12C[C@H](N(C(=O)[C@H](C)N[C@@H](CCC)C(=O)OCC)[C@@]1([H])CCCC2)C(O)=O,"""11111101110000101111011000100001"""
190,DB00795,OC(=O)C1=CC(=CC=C1O)\N=N\C1=CC=C(C=C1)S(=O)(=O)NC1=NC=CC=C1,"""11111111100011000010010110001010"""
191,DB00796,CCOC1=NC2=C(N1CC1=CC=C(C=C1)C1=CC=CC=C1C1=NN=NN1)C(=CC=C2)C(=O)OC(C)OC(=O)OC1CCCCC1,"""11111111101010101010111111110011"""
192,DB00800,OC1=CC=C(C=C1)C1CNCCC2=C(Cl)C(O)=C(O)C=C12,"""11111110100010011010001010000011"""
193,DB00808,CC1CC2=CC=CC=C2N1NC(=O)C1=CC(=C(Cl)C=C1)S(N)(=O)=O,"""11111111100111000010111011010011"""
194,DB00811,NC(=O)C1=NN(C=N1)[C@@H]1O[C@H](CO)[C@@H](O)[C@H]1O,"""10111111111100000110010000010000"""
195,DB00816,CC(C)NCC(O)C1=CC(O)=CC(O)=C1,"""11111110100000100010000000100010"""
196,DB00825,CC(C)[C@@H]1CC[C@@H](C)C[C@H]1O,"""01111100100000100100000000100000"""
197,DB00828,C[C@@H]1O[C@@H]1P(O)(O)=O,"""00111000100000000010000000000000"""
198,DB00833,[H][C@]12SCC(Cl)=C(N1C(=O)[C@H]2NC(=O)[C@H](N)C1=CC=CC=C1)C(O)=O,"""11111111110111000010011010010010"""
199,DB00835,CN(C)CCC(C1=CC=C(Br)C=C1)C1=CC=CC=N1,"""11011110100010111000000010110010"""
200,DB00836,CN(C)C(=O)C(CCN1CCC(O)(CC1)C1=CC=C(Cl)C=C1)(C1=CC=CC=C1)C1=CC=CC=C1,"""11111111100010111011110010110010"""
201,DB00838,[H][C@@]12C[C@@H](C)[C@H](C(=O)CO)[C@@]1(C)C[C@H](O)[C@@]1(Cl)[C@@]2([H])C[C@H](F)C2=CC(=O)C=C[C@]12C,"""01111101111000100110011000100001"""
202,DB00841,CC(CCC1=CC=C(O)C=C1)NCCC1=CC(O)=C(O)C=C1,"""11111110100010001011100010000010"""
203,DB00842,OC1N=C(C2=CC=CC=C2)C2=C(NC1=O)C=CC(Cl)=C2,"""11111110100010000010011001000001"""
204,DB00843,COC1=C(OC)C=C2C(=O)C(CC3CCN(CC4=CC=CC=C4)CC3)CC2=C1,"""11111111101010110011011001000011"""
205,DB00844,O[C@H]1CC[C@@]2(O)[C@H]3CC4=CC=C(O)C5=C4[C@@]2(CCN3CC2CCC2)[C@H]1O5,"""11111100100010011011001000000001"""
206,DB00849,CCC1(C(=O)NC(=O)N(C)C1=O)C1=CC=CC=C1,"""11111111100100101010110010100110"""
207,DB00850,OCCN1CCN(CCCN2C3=CC=CC=C3SC3=C2C=C(Cl)C=C3)CC1,"""11111110100011011001101001010001"""
208,DB00854,[H][C@@]12CCCC[C@@]11CCN(C)[C@@H]2CC2=C1C=C(O)C=C2,"""11111110100010111010001001100011"""
209,DB00855,NCC(=O)CCC(O)=O,"""11111101100000001010010000000000"""
210,DB00868,CCCCNC1=CC=C(C=C1)C(=O)OCCOCCOCCOCCOCCOCCOCCOCCOCCOC,"""11111111101010011010010010000010"""
211,DB00869,CCN[C@H]1C[C@H](C)S(=O)(=O)C2=C1C=C(S2)S(N)(=O)=O,"""11111110110011110010011000100011"""
212,DB00871,CC(C)(C)NCC(O)C1=CC(O)=CC(O)=C1,"""11111110100000100010000000100010"""
213,DB14596,[H][C@@]12CC[C@](OC(=O)OCC)(C(=O)OCCl)[C@@]1(C)C[C@H](O)[C@@]1([H])[C@@]2([H])CCC2=CC(=O)C=C[C@]12C,"""01111101110000101010011100100001"""
214,DB00876,CCCCC1=NC=C(\C=C(/CC2=CC=CS2)C(O)=O)N1CC1=CC=C(C=C1)C(O)=O,"""11111110100011001010111010011011"""
215,DB00887,CCCCNC1=C(OC2=CC=CC=C2)C(=CC(=C1)C(O)=O)S(N)(=O)=O,"""11111110100011011010011001000011"""
216,DB00891,NC1=CC=C(C=C1)S(=O)(=O)NC1=CC=CC=N1,"""11111110100011000010010010010010"""
217,DB00898,CCO,"""01110000001000000000000000000000"""
218,DB00900,OC[C@@H]1CC[C@@H](O1)N1C=NC2=C1NC=NC2=O,"""11111010100000000100001000010011"""
219,DB00915,NC12CC3CC(CC(C3)C1)C2,"""11011110100000000001001000000001"""
220,DB00916,CC1=NC=C(N1CCO)[N+]([O-])=O,"""11111110101010000010100000010000"""
221,DB00917,CCCCC[C@H](O)\C=C\[C@H]1[C@H](O)CC(=O)[C@@H]1C\C=C/CCCC(O)=O,"""01111101110000001010010000001000"""
222,DB00920,CN1CCC(CC1)=C1C2=C(SC=C2)C(=O)CC2=CC=CC=C12,"""11111111100011011011111011010011"""
223,DB00923,[H][C@]12SCC(CSC3=NN=NN3CC(O)=O)=C(N1C(=O)[C@H]2NC(=O)CC1=CC=CC=C1CN)C(O)=O,"""11111111100111010010111010010010"""
224,DB00924,CN(C)CCC=C1C2=CC=CC=C2C=CC2=CC=CC=C12,"""11011010100000111000001011100011"""
225,DB00925,CC(COC1=CC=CC=C1)N(CCCl)CC1=CC=CC=C1,"""11111110101000001001100010000010"""
226,DB00927,NC(N)=NC1=NC(CSCCC(N)=NS(N)(=O)=O)=CS1,"""11111110100001001010010000000000"""
227,DB00929,CCCCC(C)(O)C\C=C\[C@H]1[C@H](O)CC(=O)[C@@H]1CCCCCCC(=O)OC,"""01111101110000101010010000101000"""
228,DB00938,OCC1=C(O)C=CC(=C1)C(O)CNCCCCCCOCCCCC1=CC=CC=C1,"""11111110101010011010100010000010"""
229,DB00942,OC(CCN1CCCCC1)(C1CCCC1)C1=CC=CC=C1,"""11111110100000011001100010010010"""
230,DB00944,CN(CCCCCCCCCCN(C)C(=O)OC1=CC=CC(=C1)[N+](C)(C)C)C(=O)OC1=CC=CC(=C1)[N+](C)(C)C,"""11111111100000111011010000100010"""
231,DB00949,NC(=O)OCC(COC(N)=O)C1=CC=CC=C1,"""11111111101100000010010010000010"""
232,DB00953,CN(C)CCC1=CNC2=C1C=C(CN1C=NC=N1)C=C2,"""11011110100010111000101001110011"""
233,DB00964,NC1=CC(Cl)=C(NC2=NCCN2)C(Cl)=C1,"""11011110100010010000001000000011"""
234,DB00972,CN1CCCC(CC1)N1N=C(CC2=CC=C(Cl)C=C2)C2=CC=CC=C2C1=O,"""11111110100010011001101001010001"""
235,DB00973,[H][C@]1(CC[C@H](O)C2=CC=C(F)C=C2)C(=O)N(C2=CC=C(F)C=C2)[C@]1([H])C1=CC=C(O)C=C1,"""11111111110010000011011011000111"""
236,DB00975,OCCN(CCO)C1=NC2=C(N=C(N=C2N2CCCCC2)N(CCO)CCO)C(=N1)N1CCCCC1,"""11111110101010011011101001010001"""
237,DB00977,[H][C@@]12CC[C@@](O)(C#C)[C@@]1(C)CC[C@]1([H])C3=C(CC[C@@]21[H])C=C(O)C=C3,"""01111100100010100011001000100000"""
238,DB00982,C\C(\C=C\C1=C(C)CCCC1(C)C)=C/C=C/C(/C)=C\C(O)=O,"""01111110100010101010100000101000"""
239,DB00985,CN1C2=C(N=C(Cl)N2)C(=O)N(C)C1=O.CN(C)CCOC(C1=CC=CC=C1)C1=CC=CC=C1,"""11111111101010110010011010110111"""
240,DB00988,NCCC1=CC(O)=C(O)C=C1,"""11111110100010001010100010000010"""
241,DB00991,OC(=O)CCC1=NC(=C(O1)C1=CC=CC=C1)C1=CC=CC=C1,"""11111111100010001010110110000010"""
242,DB00993,CN1C=NC(=C1SC1=NC=NC2=C1NC=N2)[N+]([O-])=O,"""10111110100001010000001000010011"""
243,DB01000,[H][C@]12SC(C)(C)[C@@H](N1C(=O)[C@H]2NC(=O)C1(N)CCCCC1)C(O)=O,"""11111111100101101110111000110000"""
244,DB01003,OC(COC1=CC=CC2=C1C(=O)C=C(O2)C(O)=O)COC1=CC=CC2=C1C(=O)C=C(O2)C(O)=O,"""01111111101010000010011000000011"""
245,DB01005,NC(=O)NO,"""10111101100100000010010000000100"""
246,DB01010,CC[N+](C)(C)C1=CC(O)=CC=C1,"""11111110100000100010000010100010"""
247,DB01012,C[C@@H](NCCCC1=CC(=CC=C1)C(F)(F)F)C1=CC=CC2=CC=CC=C12,"""11011110100000001100101010000011"""
248,DB01013,[H][C@@]12C[C@H](C)[C@](OC(=O)CC)(C(=O)CCl)[C@@]1(C)C[C@H](O)[C@@]1(F)[C@@]2([H])CCC2=CC(=O)C=C[C@]12C,"""01111101110000101010011100100001"""
249,DB01015,CC1=CC(NS(=O)(=O)C2=CC=C(N)C=C2)=NO1,"""11111110100011000010111001000001"""
250,DB01016,COC1=C(C=C(Cl)C=C1)C(=O)NCCC1=CC=C(C=C1)S(=O)(=O)NC(=O)NC1CCCCC1,"""11111111101111001010110010000110"""
251,DB01020,[H][C@]12OC[C@@H](O[N+]([O-])=O)[C@@]1([H])OC[C@@H]2O,"""10111000100000000110011000000000"""
252,DB01035,CCN(CC)CCNC(=O)C1=CC=C(N)C=C1,"""11111111100110110011010010000010"""
253,DB01039,CC(C)OC(=O)C(C)(C)OC1=CC=C(C=C1)C(=O)C1=CC=C(Cl)C=C1,"""01111111100010100010010110100010"""
254,DB01045,CO[C@H]1\C=C\O[C@@]2(C)OC3=C(C2=O)C2=C(O)C(\C=N\N4CCN(C)CC4)=C(NC(=O)\C(C)=C/C=C/[C@H](C)[C@H](O)[C@@H](C)[C@@H](O)[C@@H](C)[C@H](OC(C)=O)[C@@H]1C)C(O)=C2C(O)=C3C,"""11111101111110110110011001101001"""
255,DB01050,CC(C)CC1=CC=C(C=C1)C(C)C(O)=O,"""01111110100010100010100010100010"""
256,DB01056,CC(N)C(=O)NC1=C(C)C=CC=C1C,"""11111111100010100010010010100110"""
257,DB01057,CCOP(=O)(OCC)SCC[N+](C)(C)C,"""11111000101001100010010000100000"""
258,DB01059,CCN1C=C(C(O)=O)C(=O)C2=CC(F)=C(C=C12)N1CCNCC1,"""11111111100010010010111010010011"""
259,DB01061,[H][C@](NC(=O)N1CCNC1=O)(C(=O)N[C@@H]1C(=O)N2[C@@H](C(O)=O)C(C)(C)S[C@]12[H])C1=CC=CC=C1,"""11111111100101110110011010110110"""
260,DB01063,CC(=O)C1=CC=C2SC3=C(C=CC=C3)N(CCCN3CCN(CCO)CC3)C2=C1,"""11111111101011011011011001000011"""
261,DB01070,CC(C)[C@@H](C)\C=C\[C@@H](C)[C@@]1([H])CC[C@@]2([H])\C(CCC[C@]12C)=C\C=C1/C[C@@H](O)CC[C@@H]1C,"""01111110100000101111001010101010"""
262,DB01076,CC(C)C1=C(C(=O)NC2=CC=CC=C2)C(=C(N1CC[C@@H](O)C[C@@H](O)CC(O)=O)C1=CC=C(F)C=C1)C1=CC=CC=C1,"""11111111100010100110011011110111"""
263,DB01077,CC(O)(P(O)(O)=O)P(O)(O)=O,"""01111100100000000010010000000000"""
264,DB01078,C[C@H]1O[C@H](C[C@H](O)[C@@H]1O[C@H]1C[C@H](O)[C@H](O[C@H]2C[C@H](O)[C@H](O[C@@H]3O[C@H](CO)[C@@H](O)[C@H](O)[C@H]3O)[C@@H](C)O2)[C@@H](C)O1)O[C@H]1CC[C@@]2(C)[C@H](CC[C@@H]3[C@@H]2C[C@@H](O)[C@]2(C)[C@H](CC[C@]32O)C2=CC(=O)OC2)C1,"""01111111111000100111011000100001"""
265,DB01080,NC(CCC(O)=O)C=C,"""11111100100000001011010000000000"""
266,DB01084,CCOCCN1C(=NC2=CC=CC=C12)N1CCCN(C)CC1,"""11111110101000111000101010110011"""
267,DB01091,CN(CC1=CC=C(C=C1)C(C)(C)C)CC1=CC=CC2=CC=CC=C12,"""11011110100010110001101010100011"""
268,DB01092,[H][C@@]12CC[C@]3(O)C[C@H](C[C@@H](O)[C@]3(CO)[C@@]1([H])[C@H](O)C[C@]1(C)[C@H](CC[C@]21O)C1=CC(=O)OC1)O[C@@H]1O[C@@H](C)[C@H](O)[C@@H](O)[C@H]1O,"""01111111111000100111011000100000"""
269,DB01095,CC(C)N1C(\C=C\C(O)CC(O)CC(O)=O)=C(C2=CC=CC=C12)C1=CC=C(F)C=C1,"""11111110100010100010011010111011"""
270,DB01098,CC(C)C1=NC(=NC(C2=CC=C(F)C=C2)=C1\C=C\[C@@H](O)C[C@@H](O)CC(=O)O)N(C)S(C)(=O)=O,"""11111111100011100110011001101011"""
271,DB01104,CN[C@H]1CC[C@@H](C2=CC(Cl)=C(Cl)C=C2)C2=CC=CC=C12,"""11011110100010010100001011000011"""
272,DB01112,[H][C@]12SCC(COC(N)=O)=C(N1C(=O)[C@H]2NC(=O)C(=N/OC)\C1=CC=CO1)C(O)=O,"""11111111101111100010011000011000"""
273,DB01114,CN(C)CCC(C1=CC=C(Cl)C=C1)C1=CC=CC=N1,"""11011110100010111000000010110010"""
274,DB01115,COC(=O)C1=C(C)NC(C)=C(C1C1=CC=CC=C1[N+]([O-])=O)C(=O)OC,"""11111111101010100010010110100010"""
275,DB01117,OC1=C([C@H]2CC[C@@H](CC2)C2=CC=C(Cl)C=C2)C(=O)C2=CC=CC=C2C1=O,"""01111111100010000111011001000001"""
276,DB01119,CC1=NS(=O)(=O)C2=C(N1)C=CC(Cl)=C2,"""11111110100011000010111001010001"""
277,DB01121,NC(=O)NC(=O)CC1=CC=CC=C1,"""11111111100100000010110010000110"""
278,DB01122,CC[N+](CC)(CCNC(=O)C(=O)NCC[N+](CC)(CC)CC1=CC=CC=C1Cl)CC1=CC=CC=C1Cl,"""11111111100100110011110010000110"""
279,DB01125,COC1=CC=C(C=C1)C1C(=O)C2=CC=CC=C2C1=O,"""01111111101010000010011011000011"""
280,DB01127,ClC1=CC=C(COC(CN2C=CN=C2)C2=C(Cl)C=C(Cl)C=C2)C=C1,"""11111110101010010000001011000011"""
281,DB01128,CC(O)(CS(=O)(=O)C1=CC=C(F)C=C1)C(=O)NC1=CC(=C(C=C1)C#N)C(F)(F)F,"""11111111100011000010010010000110"""
282,DB01131,CC(C)NC(=N)NC(=N)NC1=CC=C(Cl)C=C1,"""11011110100010100000000010100010"""
283,DB01138,O=C1C(CCS(=O)C2=CC=CC=C2)C(=O)N(N1C1=CC=CC=C1)C1=CC=CC=C1,"""11111111100001000011011011010111"""
284,DB01148,CC1=C(OC2=C(C=CC=C2C(=O)OCCN2CCCCC2)C1=O)C1=CC=CC=C1,"""11111111100010011010111011000011"""
285,DB01150,[H][C@]12SCC(C=CC)=C(N1C(=O)[C@@]2([H])NC(=O)[C@H](N)C1=CC=C(O)C=C1)C(O)=O,"""11111111110111100010011010010010"""
286,DB01156,CC(NC(C)(C)C)C(=O)C1=CC(Cl)=CC=C1,"""11111111100000100010010010100010"""
287,DB01158,CC[N+](C)(C)CC1=CC=CC=C1Br,"""11011010100000100000100010100010"""
288,DB01162,COC1=C(OC)C=C2C(N)=NC(=NC2=C1)N1CCN(CC1)C(=O)C1CCCO1,"""11111111101010111011111001010011"""
289,DB01164,[Cl-].[Cl-].[Ca++],"""00010000000000000000000000000000"""
290,DB01165,CC1COC2=C3N1C=C(C(O)=O)C(=O)C3=CC(F)=C2N1CCN(C)CC1,"""11111111101010110010111001110001"""
291,DB01170,NC(N)=NCCN1CCCCCCC1,"""11011110100000011000100000010000"""
292,DB01173,CN(C)CCOC(C1=CC=CC=C1)C1=CC=CC=C1C,"""11111110101000110000000010100010"""
293,DB01175,CN(C)CCC[C@]1(OCC2=C1C=CC(=C2)C#N)C1=CC=C(F)C=C1,"""11111110100010111000001011100011"""
294,DB01176,CN1CCN(CC1)C(C1=CC=CC=C1)C1=CC=CC=C1,"""11011110100000010001100010010010"""
295,DB01181,ClCCNP1(=O)OCCCN1CCCl,"""11111000100000011010010000010000"""
296,DB01182,CCCNCC(O)COC1=C(C=CC=C1)C(=O)CCC1=CC=CC=C1,"""11111111101010011010110010000010"""
297,DB01194,CCN[C@H]1CN(CCCOC)S(=O)(=O)C2=C1C=C(S2)S(N)(=O)=O,"""11111110101011111011011000000011"""
298,DB01197,C[C@H](CS)C(=O)N1CCC[C@H]1C(O)=O,"""11111101110001001010010000010100"""
299,DB01198,CN1CCN(CC1)C(=O)OC1N(C(=O)C2=NC=CN=C12)C1=NC=C(Cl)C=C1,"""11111111100010010011111010010011"""
300,DB01202,CC[C@H](N1CCCC1=O)C(N)=O,"""11111110110000001010110000010000"""
301,DB01203,CC(C)(C)NCC(O)COC1=CC=CC2=C1C[C@H](O)[C@H](O)C2,"""11111110111000100010001000100011"""
302,DB01205,CCOC(=O)C1=C2CN(C)C(=O)C3=C(C=CC(F)=C3)N2C=N1,"""11111111101010110010011101110001"""
303,DB01210,CC(C)(C)NC[C@H](O)COC1=CC=CC2=C1CCCC2=O,"""11111110111000101010001000100011"""
304,DB01211,[H][C@@]1(C[C@@](C)(OC)[C@@H](O)[C@H](C)O1)O[C@H]1[C@H](C)[C@@H](O[C@]2([H])O[C@H](C)C[C@@H]([C@H]2O)N(C)C)[C@@](C)(C[C@@H](C)C(=O)[C@H](C)[C@@H](O)[C@](C)(O)[C@@H](CC)OC(=O)[C@@H]1C)OC,"""11111101110000100111011100100000"""
305,DB01212,[H][C@]12SCC(CSC3=NC(=O)C(=O)NN3C)=C(N1C(=O)[C@H]2NC(=O)C(=N/OC)\C1=CSC(N)=N1)C(O)=O,"""11111111100111100010011000011100"""
306,DB01214,CC(C)NCC(O)COC1=C(C)C(C)=C(OC(C)=O)C(C)=C1,"""11111110101010100010010000100010"""
307,DB01216,[H][C@@]12CC[C@H](C(=O)NC(C)(C)C)[C@@]1(C)CC[C@@]1([H])[C@@]2([H])CC[C@@]2([H])NC(=O)C=C[C@]12C,"""11111101110100100010011000100100"""
308,DB01222,[H][C@@]12C[C@H]3OC(CCC)O[C@@]3(C(=O)CO)[C@@]1(C)C[C@H](O)[C@@]1([H])[C@@]2([H])CCC2=CC(=O)C=C[C@]12C,"""01111101111000101011011000100001"""
309,DB01223,NCCN.CN1C2=C(NC=N2)C(=O)N(C)C1=O.CN1C2=C(NC=N2)C(=O)N(C)C1=O,"""11111111100010110010011000110101"""
310,DB01224,OCCOCCN1CCN(CC1)C1=NC2=CC=CC=C2SC2=CC=CC=C12,"""11111010101001010001101011010011"""
311,DB01235,N[C@@H](CC1=CC(O)=C(O)C=C1)C(O)=O,"""11111110100010000111100010000010"""
312,DB01237,CN(C)CCOC(C1=CC=CC=C1)C1=CC=C(Br)C=C1,"""11111110101010110000000010100010"""
313,DB01240,[H][C@]12C[C@@H](O)[C@H](\C=C\[C@@H](O)CCCCC)[C@@]1([H])C\C(O2)=C\CCCC(O)=O,"""01111100110000101110001000001000"""
314,DB01241,CC1=CC(OCCCC(C)(C)C(O)=O)=C(C)C=C1,"""01111110100010101010110010100010"""
315,DB01250,OC(=O)C1=CC(=CC=C1O)\N=N\C1=CC=C(O)C(=C1)C(O)=O,"""11111111100010000010010110001010"""
316,DB01256,[H][C@@]12C(=O)CC[C@]11CC[C@@H](C)[C@@]2(C)[C@@H](C[C@@](C)(C=C)[C@@H](O)[C@@H]1C)OC(=O)CS[C@H]1C[C@@H]2CC[C@H](C1)N2C,"""11111111110001100110011100100000"""
317,DB01264,[H][C@@]12CCO[C@]1([H])OC[C@@H]2OC(=O)N[C@@H](CC1=CC=CC=C1)[C@H](O)CN(CC(C)C)S(=O)(=O)C1=CC=C(N)C=C1,"""11111111111011110111111110100110"""
318,DB01267,CC1=C(CCN2CCC(CC2)C2=NOC3=C2C=CC(F)=C3)C(=O)N2CCCC(O)C2=N1,"""11111111100010011011111001010101"""
319,DB01275,NNC1=NN=CC2=CC=CC=C12,"""11010010000000000000001010000011"""
320,DB01291,CC(C)(C)NCC(O)C1=NC(CO)=C(O)C=C1,"""11111110101010100010000010100010"""
321,DB01297,CC(C)NCC(O)COC1=CC=C(NC(C)=O)C=C1,"""11111110101010100010010010100010"""
322,DB01298,CCN1C=CC(NS(=O)(=O)C2=CC=C(N)C=C2)=NC1=O,"""11111110100011010010011001010001"""
323,DB01303,C[N+](C)(C)CCO.CN1C2=C([N-]C=N2)C(=O)N(C)C1=O,"""11111111101010110010011000110101"""
324,DB01319,CC(C)CN(C[C@@H](OP(O)(O)=O)[C@H](CC1=CC=CC=C1)NC(=O)O[C@H]1CCOC1)S(=O)(=O)C1=CC=C(N)C=C1,"""11111111111111110111110010100010"""
325,DB01324,CN1C(CSCC(F)(F)F)NC2=CC(Cl)=C(C=C2S1(=O)=O)S(N)(=O)=O,"""11111100100011010010011001010001"""
326,DB01327,[H][C@]12SCC(CSC3=NN=C(C)S3)=C(N1C(=O)[C@H]2NC(=O)CN1C=NN=N1)C(O)=O,"""11111101100111110010011000110000"""
327,DB01330,[H][C@]12SCC(CSC3=NN=NN3C)=C(N1C(=O)[C@]2(NC(=O)C1SC(S1)=C(C(N)=O)C(O)=O)OC)C(O)=O,"""11111111100111100010011000010000"""
328,DB01331,[H][C@]12SCC(COC(N)=O)=C(N1C(=O)[C@]2(NC(=O)CC1=CC=CS1)OC)C(O)=O,"""11111111101111100010111000010000"""
329,DB01364,CN[C@@H](C)[C@H](O)C1=CC=CC=C1,"""11111010110000110110000010100010"""
330,DB01367,C#CCN[C@@H]1CCC2=CC=CC=C12,"""11010010000000011000001010000011"""
331,DB01369,[H][C@@]12CCCN1C(=O)[C@@H](CC)NC(=O)[C@@H](NC(=O)C1=NC=CC=C1O)[C@@H](C)OC(=O)[C@@H](NC(=O)[C@]1([H])CC(=O)[C@]([H])(CS[C@@H]3CN4CCC3CC4)CN1C(=O)[C@H](CC1=CC=C(C=C1)N(C)C)N(C)C2=O)C1=CC=CC=C1,"""11111111110111111111111110110011"""
332,DB01394,COC1=CC2=C(C(OC)=C1OC)C1=CC=C(OC)C(=O)C=C1[C@H](CC2)NC(C)=O,"""11111111111010100011011010100011"""
333,DB01395,[H][C@@]12C[C@]1([H])[C@@]1([H])[C@]3([H])[C@]4([H])C[C@]4([H])[C@@]4(CCC(=O)O4)[C@@]3(C)CC[C@]1([H])[C@@]1(C)CCC(=O)C=C21,"""01111101100000101011011001100001"""
334,DB01399,OC(=O)C1=CC=CC=C1OC(=O)C1=CC=CC=C1O,"""01111111100000000010010110000010"""
335,DB01401,[Mg++].C[N+](C)(C)CCO.OC1=CC=CC=C1C([O-])=O.OC1=CC=CC=C1C([O-])=O.OC1=CC=CC=C1C([O-])=O,"""11111110101000100000000010100010"""
336,DB01406,[H][C@@]12CC[C@@](O)(C#C)[C@@]1(C)CC[C@@]1([H])[C@@]2([H])CCC2=CC3=C(C[C@]12C)C=NO3,"""11111100100010101010001000100001"""
337,DB01409,[H][C@]12O[C@@]1([H])[C@]1([H])C[C@@]([H])(C[C@@]2([H])[N+]1(C)C)OC(=O)C(O)(C1=CC=CS1)C1=CC=CS1,"""11111111100001100010011100100000"""
338,DB01419,FC(F)(F)C1=CC(=CC=C1)N1CCN(CCOC(=O)C2=CC=CC=C2NC2=C3C=CC(=CC3=NC=C2)C(F)(F)F)CC1,"""11111111101000010011111111010011"""
339,DB01438,NC1=NC(N)=C(C=C1)\N=N\C1=CC=CC=C1,"""11011110100010000000000010001010"""
340,DB01580,CC(C)NCC(O)COC1=CC=CC=C1OCC=C,"""11111110101000100010000010100010"""
341,DB01583,[Na+].[Na+].N[C@@H](CC1=CC(I)=C(OC2=CC(I)=C(O)C=C2)C(I)=C1)C([O-])=O.N[C@@H](CC1=CC(I)=C(OC2=CC(I)=C(O)C(I)=C2)C(I)=C1)C([O-])=O,"""11111110100010000111101001000011"""
342,DB01587,CN1C2=C(C=C(Cl)C=C2)C2(OC(C)=CC(=O)N2CC1=O)C1=CC=CC=C1,"""11111111100010110010111011110111"""
343,DB01590,[H][C@@]1(C[C@@H](C)[C@]2([H])CC(=O)[C@H](C)\C=C(C)\[C@@H](O)[C@@H](OC)C(=O)[C@H](C)C[C@H](C)\C=C\C=C\C=C(C)\[C@H](C[C@]3([H])CC[C@@H](C)[C@@](O)(O3)C(=O)C(=O)N3CCCC[C@@]3([H])C(=O)O2)OC)CC[C@@H](OCCO)[C@@H](C1)OC,"""11111111111010101110011000101100"""
344,DB01591,O=C(O[C@H]1CN2CCC1CC2)N1CCC2=CC=CC=C2[C@@H]1C1=CC=CC=C1,"""11111110100010011000101011010011"""
345,DB01595,[O-][N+](=O)C1=CC2=C(NC(=O)CN=C2C2=CC=CC=C2)C=C1,"""11111111100110010010011011000011"""
346,DB01598,[H][C@]12CC(SCC\N=C\N)=C(N1C(=O)[C@]2([H])[C@@H](C)O)C(O)=O,"""11111101100011100110011000111000"""
347,DB01600,CC(C(O)=O)C1=CC=C(S1)C(=O)C1=CC=CC=C1,"""01111111100011000010010010000010"""
348,DB01601,CC(C)[C@H](N1CCCNC1=O)C(=O)N[C@H](C[C@H](O)[C@H](CC1=CC=CC=C1)NC(=O)COC1=C(C)C=CC=C1C)CC1=CC=CC=C1,"""11111111111110111011110010110110"""
349,DB01604,[H][C@]12SC(C)(C)[C@@H](N1C(=O)[C@H]2NC(=O)[C@H](N)C1=CC=CC=C1)C(=O)OCOC(=O)C(C)(C)C,"""11111111111101100110011110110010"""
350,DB01605,[H]C(=N[C@@H]1C(=O)N2[C@@H](C(=O)OCOC(=O)C(C)(C)C)C(C)(C)S[C@]12[H])N1CCCCCC1,"""11111111101001101110111100110100"""
351,DB01606,[H][C@@]12CC(=O)N1[C@@H](C(O)=O)[C@](C)(CN1C=CN=N1)S2(=O)=O,"""11111101100001110110011000110100"""
352,DB01611,CCN(CCO)CCCC(C)NC1=C2C=CC(Cl)=CC2=NC=C1,"""11111110101000111011001011100011"""
353,DB01612,CCCCCON=O,"""11110000001000001000000000000000"""
354,DB01619,CN1CCC2=C(C1)C(C1=CC=CC=C21)C1=CC=CC=C1,"""11011110100010011000001011010011"""
355,DB01620,CN(C)CCC(C1=CC=CC=C1)C1=CC=CC=N1,"""11011110100000111000000010110010"""
356,DB01623,CN(C)S(=O)(=O)C1=CC2=C(SC3=CC=CC=C3\C2=C\CCN2CCN(C)CC2)C=C1,"""11111110100011110010011010101011"""
357,DB01626,CN(CC#C)CC1=CC=CC=C1,"""11011010100000110001100010000010"""
358,DB01656,FC(F)OC1=C(OCC2CC2)C=C(C=C1)C(=O)NC1=C(Cl)C=NC=C1Cl,"""11111111100010000010011010000111"""
359,DB01764,CCN(CC)CCS(=O)(=O)[C@@H]1CCN2[C@H]1C(=O)O[C@H](C(C)C)[C@H](C)\C=C\C(=O)NC\C=C\C(\C)=C\[C@@H](O)CC(=O)CC1=NC(=CO1)C2=O,"""11111111111001110111111000101101"""
360,DB02300,O[C@H](\C=C\[C@@H](C)[C@@]1([H])CC[C@@]2([H])\C(CCC[C@]12C)=C\C=C1\C[C@@H](O)C[C@H](O)C1=C)C1CC1,"""01111110110000101111101010101010"""
361,DB03147,CC1=CC2=C(C=C1C)N(C[C@H](O)[C@H](O)[C@H](O)CO[P@](O)(=O)O[P@@](O)(=O)OC[C@H]1O[C@H]([C@H](O)[C@@H]1O)N1C=NC3=C1N=CN=C3N)C1=NC(=O)NC(=O)C1=N2,"""11111111111110110010111010010111"""
362,DB03619,[H][C@@]12CC[C@H]([C@H](C)CCC(O)=O)[C@@]1(C)[C@@H](O)C[C@@]1([H])[C@@]2([H])CC[C@]2([H])C[C@H](O)CC[C@]12C,"""01111100110000101110011000100000"""
363,DB03754,NC(CO)(CO)CO,"""10111100101000000010000000000000"""
364,DB04574,[H][C@@]12CCC(=O)[C@@]1(C)CC[C@]1([H])C3=C(CC[C@@]21[H])C=C(OS(O)(=O)=O)C=C3,"""01111101100011101011011000100000"""
365,DB04575,[H][C@@]12CC[C@@](O)(C#C)[C@@]1(C)CC[C@]1([H])C3=C(CC[C@@]21[H])C=C(OC1CCCC1)C=C3,"""01111110100010101011101000100000"""
366,DB04838,CC1CC(CC(C)(C)C1)OC(=O)C(O)C1=CC=CC=C1,"""01111111100000100011110110100010"""
367,DB04841,FC1=CC=C(C=C1)C(N1CCN(C\C=C\C2=CC=CC=C2)CC1)C1=CC=C(F)C=C1,"""11011110100010010000101011011011"""
368,DB04843,C[N+]1(C)CCCC(C1)OC(=O)C(O)(C1=CC=CC=C1)C1=CC=CC=C1,"""11111111100000101010010110100010"""
369,DB04854,CC(C)COC1=C(C=C(C=C1)C1=NC(C)=C(S1)C(O)=O)C#N,"""11111110101011100010010010100010"""
370,DB04855,CCCCN(CCCC)CCCOC1=CC=C(C=C1)C(=O)C1=C(CCCC)OC2=C1C=C(NS(C)(=O)=O)C=C2,"""11111111101011111011011011100011"""
371,DB04890,OC(=O)CCCN1CCC(CC1)OC(C1=CC=C(Cl)C=C1)C1=CC=CC=N1,"""11111111100010011011110110010010"""
372,DB04946,COC1=C(OCCCN2CCC(CC2)C2=NOC3=C2C=CC(F)=C3)C=CC(=C1)C(C)=O,"""11111110101010111001001001100011"""
373,DB05013,[H][C@@]12C[C@@H](C)[C@]34C=C(C)[C@H](OC(=O)C(\C)=C/C)[C@@]3(O)[C@H](O)C(CO)=C[C@@]([H])(C4=O)[C@]1([H])C2(C)C,"""00111101111010100110011100101001"""
374,DB05039,CCC1=C(CC)C=C2CC(CC2=C1)NC[C@H](O)C1=C2C=CC(=O)NC2=C(O)C=C1,"""11111111110010101011111011000111"""
375,DB05246,CN1C(=O)CC(C)(C1=O)C1=CC=CC=C1,"""11111111100000110010010010110010"""
376,DB05271,CCCN(CCC1=CC=CS1)[C@H]1CCC2=C(O)C=CC=C2C1,"""11111110100011011011101001000001"""
377,DB05812,[H][C@@]12CC=C(C3=CC=CN=C3)[C@@]1(C)CC[C@@]1([H])[C@@]2([H])CC=C2C[C@@H](O)CC[C@]12C,"""11111100100010110110001001100001"""
378,DB05990,[H][C@@]1(CC[C@@]2([H])[C@]3([H])[C@H](O)[C@H](CC)[C@]4([H])C[C@H](O)CC[C@]4(C)[C@@]3([H])CC[C@]12C)[C@H](C)CCC(O)=O,"""01111100110000101011001000100000"""
379,DB06145,[H][C@@]1(CC[C@@H]([C@@H](C)O1)N(C)C)O[C@H]1\C=C\C=C\C[C@@H](C)OC(=O)C[C@@H](O)[C@H](OC)[C@@H](O[C@]2([H])O[C@H](C)[C@@H](O[C@@]3([H])C[C@@](C)(O)[C@@H](O)[C@H](C)O3)[C@@H]([C@H]2O)N(C)C)[C@@H](CC=O)C[C@H]1C,"""11111101110000100111011100101000"""
380,DB06152,CC(CCC1=CC=CC=C1)NC(C)C(O)C1=CC=C(O)C=C1,"""11111110100010101011100010100010"""
381,DB06153,CN1CCC(CC1)=C1C2=C(CCC3=CC=CC=C13)SC=C2,"""11011110100011011001101011010011"""
382,DB06154,[O-][N+](=O)OCC(CO[N+]([O-])=O)(CO[N+]([O-])=O)CO[N+]([O-])=O,"""11111100101000000010010000000000"""
383,DB06203,CN1C(=O)C=C(N2CCC[C@@H](N)C2)N(CC2=C(C=CC=C2)C#N)C1=O,"""11111111100010011111011001010001"""
384,DB06204,CC[C@H]([C@@H](C)CN(C)C)C1=CC(O)=CC=C1,"""11111110110000110110000010100010"""
385,DB06207,C[C@H](CC1=CC2=C(N(CCCO)CC2)C(=C1)C(N)=O)NCCOC1=CC=CC=C1OCC(F)(F)F,"""11111110111010001011111010000011"""
386,DB06209,CC(=O)OC1=CC2=C(CCN(C2)C(C(=O)C2CC2)C2=CC=CC=C2F)S1,"""11111111100011010011011001000001"""
387,DB06212,CC1=CC=CC=C1C(=O)NC1=CC(C)=C(C=C1)C(=O)N1CCC[C@@H](O)C2=C1C=CC(Cl)=C2,"""11111111100010101110111011110111"""
388,DB06216,CN1CC2C(C1)C1=C(OC3=CC=C(Cl)C=C23)C=CC=C1,"""11111110100010010000001011010011"""
389,DB06218,COC[C@@H](NC(C)=O)C(=O)NCC1=CC=CC=C1,"""11111111101000100110110010100110"""
390,DB06228,ClC1=CC=C(S1)C(=O)NC[C@H]1CN(C(=O)O1)C1=CC=C(C=C1)N1CCOCC1=O,"""11111111101011010010110010010110"""
391,DB06282,OC(=O)COCCN1CCN(CC1)[C@H](C1=CC=CC=C1)C1=CC=C(Cl)C=C1,"""11111111111010010011110110010010"""
392,DB06283,[H][C@]12CSSC[C@]3([H])NC(=O)[C@H](CCCCN)NC(=O)[C@H](C)NC(=O)CNC(=O)[C@H](CCCCN)NC(=O)CNC(=O)[C@H](CCCCN)NC(=O)[C@@H](N)CSSC[C@]([H])(NC(=O)[C@]([H])(CSSC[C@H](NC(=O)[C@H](CCCCN)NC(=O)CNC(=O)[C@H](CO)NC(=O)[C@H](CCCNC(N)=N)NC1=O)C(N)=O)NC(=O)[C@H](CC(O)=O)NC(=O)[C@H](CC1=CC=C(O)C=C1)NC(=O)[C@H](CCSC)NC(=O)[C@H](CC(C)C)NC(=O)[C@H](CCCNC(N)=N)NC(=O)[C@H](CO)NC3=O)C(=O)N[C@@]([H])([C@@H](C)O)C(=O)NCC(=O)N[C@@H](CO)C(=O)N2,"""11111111111111111111111010100110"""
393,DB06287,OCC(C)(CO)C(=O)O[C@@H]1CC[C@@H](C[C@@H](C)[C@]2([H])CC(=O)[C@H](C)\C=C(C)\[C@@H](O)[C@@H](OC)C(=O)[C@H](C)C[C@H](C)\C=C\C=C\C=C(C)\[C@@H](OC)C[C@]3([H])CC[C@@H](C)[C@@](O)(O3)C(=O)C(=O)N3CCCC[C@H]3C(=O)O2)C[C@H]1OC,"""11111101111010101110011000101100"""
394,DB06290,[H][C@]12C[C@]1(NC(=O)[C@]1([H])C[C@H](C[C@@]1([H])C(=O)N(C)CCCC\C=C/2)OC1=CC(=NC2=C1C=CC(OC)=C2C)C1=NC(=CS1)C(C)C)C(=O)NS(=O)(=O)C1CC1,"""11111111110101101010111001101111"""
395,DB06292,CCOC1=CC=C(CC2=C(Cl)C=CC(=C2)[C@@H]2O[C@H](CO)[C@@H](O)[C@H](O)[C@H]2O)C=C1,"""01111110111010000111001011000011"""
396,DB06335,[H][C@@]12C[C@]1([H])N([C@@H](C2)C#N)C(=O)[C@@H](N)C12CC3CC(CC(O)(C3)C1)C2,"""11111111100000000111011000000001"""
397,DB06410,[H][C@@]1(CC[C@@]2([H])\C(CCC[C@]12C)=C\C=C1\C[C@@H](O)C[C@H](O)C1=C)[C@H](C)\C=C\[C@H](C)C(C)C,"""01111110110000101111001010101010"""
398,DB06414,CC1=CC(=CC(C)=C1OC1=C(Br)C(N)=NC(NC2=CC=C(C=C2)C#N)=N1)C#N,"""11111110100010100000101001110011"""
399,DB06589,CN(C1=CC2=NN(C)C(C)=C2C=C1)C1=CC=NC(NC2=CC=C(C)C(=C2)S(N)(=O)=O)=N1,"""11111110100011110010011011110011"""
400,DB06605,COC1=CC=C(C=C1)N1N=C(C(N)=O)C2=C1C(=O)N(CC2)C1=CC=C(C=C1)N1CCCCC1=O,"""11111111101010001011111010010111"""
401,DB06637,NC1=CC=NC=C1,"""11010010000000000000000010000010"""
402,DB06689,NCCO.CCCCCCCC\C=C/CCCCCCCC(O)=O,"""11111100101000001010000000001000"""
403,DB06695,CCCCCCOC(=O)\N=C(\N)C1=CC=C(NCC2=NC3=C(C=CC(=C3)C(=O)N(CCC(=O)OCC)C3=NC=CC=C3)N2C)C=C1,"""11111111101010101011011110001111"""
404,DB06699,CC(C)C[C@H](NC(=O)[C@@H](CC1=CC=C(NC(N)=O)C=C1)NC(=O)[C@H](CC1=CC=C(NC(=O)[C@@H]2CC(=O)NC(=O)N2)C=C1)NC(=O)[C@H](CO)NC(=O)[C@@H](CC1=CC=CN=C1)NC(=O)[C@@H](CC1=CC=C(Cl)C=C1)NC(=O)[C@@H](CC1=CC=C2C=CC=CC2=C1)NC(C)=O)C(=O)N[C@@H](CCCCNC(C)C)C(=O)N1CCC[C@H]1C(=O)N[C@H](C)C(N)=O,"""11111111111110111111111011110111"""
405,DB06702,CC(C)N(CC[C@H](C1=CC=CC=C1)C1=C(OC(=O)C(C)C)C=CC(CO)=C1)C(C)C,"""11111111111010100011010110100010"""
406,DB06706,CNC(C)CCC=C(C)C,"""11011100100010111000000000100000"""
407,DB06710,[H][C@@]12CC[C@](C)(O)[C@@]1(C)CC[C@@]1([H])[C@@]2([H])CCC2=CC(=O)CC[C@]12C,"""01111101100000101010011000100001"""
408,DB06714,CNC(C)CC1CCCCC1,"""11011110100000111000100000100000"""
409,DB06729,NC1=CC=C(C=C1)S(=O)(=O)NC1=CC=NN1C1=CC=CC=C1,"""11111110100011000010010010010010"""
410,DB06766,CN1CCC(CC1)=C1C2=NC=C(C=O)N2CCC2=CC=CC=C12,"""11111110100010011011111010010011"""
411,DB06771,N[C@@H]1CCCCN(C1)C1=C(F)C=C2C(=O)C(=CN(C3CC3)C2=C1Cl)C(O)=O,"""11111111100010011010011001000011"""
412,DB06772,[H][C@]12[C@H](OC(=O)C3=CC=CC=C3)[C@]3(O)C[C@H](OC(=O)[C@H](O)[C@@H](NC(=O)OC(C)(C)C)C4=CC=CC=C4)C(C)=C([C@@H](OC)C(=O)[C@]1(C)[C@H](C[C@H]1OC[C@@]21OC(C)=O)OC)C3(C)C,"""11111101110110100110011100100000"""
413,DB06774,COC1=C(O)C=CC(CNC(=O)CCCC\C=C\C(C)C)=C1,"""11111111101110111010010000101010"""
414,DB06775,NC(=O)N[C@@H](CCC(O)=O)C(O)=O,"""11111101100100001111010000000100"""
415,DB06781,[H][C@@]12CC[C@](OC(=O)CCC)(C(=O)COC(C)=O)[C@@]1(C)C[C@H](O)[C@@]1(F)[C@@]2([H])C[C@H](F)C2=CC(=O)C=C[C@]12C,"""01111101111000101010011100100001"""
416,DB06787,C[N+]1(C)CCN(CC(O)(C2CCCCC2)C2=CC=CC=C2)CC1,"""11111110100000111011101001100001"""
417,DB06791,[H]N([H])CCCCC1N([H])C(=O)C(CC2=CN([H])C3=CC=CC=C23)N([H])C(=O)C(CC2=CC=C(O)C=C2)N([H])C(=O)C(CSSCC(N([H])C(=O)C(N([H])C1=O)C(C)C)C(=O)N([H])C(C(C)O)C(=O)N([H])[H])N([H])C(=O)C(CC1=CC2=CC=CC=C2C=C1)N([H])[H],"""11111111100011111011111011100111"""
418,DB06809,C(N1CCCNCCNCCCNCC1)C1=CC=C(CN2CCCNCCNCCCNCC2)C=C1,"""11011110100010011000101010010011"""
419,DB06817,CN1C(=O)C(O)=C(N=C1C(C)(C)NC(=O)C1=NN=C(C)O1)C(=O)NCC1=CC=C(F)C=C1,"""11111111100110110010110010110110"""
420,DB06827,[H][C@@]1(C[C@H](O)NC(=N)N1)[C@]1([H])NC(=O)\C(NC(=O)[C@H](CO)NC(=O)[C@H](CO)NC(=O)[C@H](CNC1=O)NC(=O)C[C@@H](N)CCCN)=C\NC(N)=O,"""11111111111100011110010000011000"""
421,DB07565,O[C@@H]([C@@H](COC(=O)CCC(O)=O)NC(=O)C(Cl)Cl)C1=CC=C(C=C1)[N+]([O-])=O,"""11111111101110001110010110000010"""
422,DB08439,CCC(=O)NS(=O)(=O)C1=CC=C(C=C1)C1=C(C)ON=C1C1=CC=CC=C1,"""11111111100011101010010010100110"""
423,DB08799,C(N(CC1=CC=CC=C1)C1=CC=CC=C1)C1=NCCN1,"""11011110100000010001100010010010"""
424,DB08816,CCCSC1=NC2=C(N=NN2[C@@H]2C[C@H](OCCO)[C@@H](O)[C@H]2O)C(N[C@@H]2C[C@H]2C2=CC(F)=C(F)C=C2)=N1,"""11111110111011001110001001010001"""
425,DB08819,CC(C)OC(=O)CCC\C=C/C[C@H]1[C@@H](O)C[C@@H](O)[C@@H]1\C=C\C(F)(F)COC1=CC=CC=C1,"""01111111101000101110010110101010"""
426,DB08820,CC(C)(C)C1=CC(=C(O)C=C1NC(=O)C1=CNC2=CC=CC=C2C1=O)C(C)(C)C,"""11111111100110110010011011100011"""
427,DB08860,O[C@H](C[C@H](O)\C=C\C1=C(N=C2C=CC=CC2=C1C1=CC=C(F)C=C1)C1CC1)CC(O)=O,"""11111110110010000010101011001011"""
428,DB08864,CC1=CC(\C=C\C#N)=CC(C)=C1NC1=CC=NC(NC2=CC=C(C=C2)C#N)=N1,"""11011110100010100000101001111011"""
429,DB08867,CN(C)C1=CC=C(C=C1)[C@H]1C[C@@]2(C)[C@@H](CC[C@]2(O)C(C)=O)[C@@H]2CCC3=CC(=O)CCC3=C12,"""11111111100010111111011010100010"""
430,DB08874,[H][C@@]1(O[C@@H]2[C@@H](CC)\C=C(C)\[C@@H](O)C\C=C\C=C(CO[C@@H]3O[C@H](C)[C@@H](OC(=O)C4=C(CC)C(Cl)=C(O)C(Cl)=C4O)[C@H](O)[C@@H]3OC)\C(=O)O[C@@H](C\C=C(/C)\C=C2/C)[C@@H](C)O)OC(C)(C)[C@@H](OC(=O)C(C)C)[C@H](O)[C@@H]1O,"""01111101111010100111011101101001"""
431,DB08877,N#CC[C@H](C1CCCC1)N1C=C(C=N1)C1=C2C=CNC2=NC=N1,"""11011110110010011000101001010001"""
432,DB08880,C\C(O)=C(/C#N)C(=O)NC1=CC=C(C=C1)C(F)(F)F,"""11111111100010000010010010001110"""
433,DB08881,CCCS(=O)(=O)NC1=C(F)C(C(=O)C2=CNC3=NC=C(C=C23)C2=CC=C(Cl)C=C2)=C(F)C=C1,"""11111111100011011010011011000011"""
434,DB08882,CC#CCN1C(=NC2=C1C(=O)N(CC1=NC3=C(C=CC=C3)C(C)=N1)C(=O)N2C)N1CCC[C@@H](N)C1,"""11111111100010111111111000110111"""
435,DB08893,NC1=NC(CC(=O)NC2=CC=C(CCNC[C@H](O)C3=CC=CC=C3)C=C2)=CS1,"""11111111110011010011011001000101"""
436,DB08896,CNC(=O)C1=CC(OC2=CC(F)=C(NC(=O)NC3=CC=C(Cl)C(=C3)C(F)(F)F)C=C2)=CC=N1,"""11111111100110010010011001010101"""
437,DB08897,OC(C(=O)O[C@H]1C[N+]2(CCCOC3=CC=CC=C3)CCC1CC2)(C1=CC=CS1)C1=CC=CS1,"""11111111101001001011111000000001"""
438,DB08899,CNC(=O)C1=C(F)C=C(C=C1)N1C(=S)N(C(=O)C1(C)C)C1=CC=C(C#N)C(=C1)C(F)(F)F,"""11111111100111110010010010110010"""
439,DB08906,[H][C@@]12C[C@@H](C)[C@](OC(=O)C3=CC=CO3)(C(=O)SCF)[C@@]1(C)C[C@H](O)[C@@]1(F)[C@@]2([H])C[C@H](F)C2=CC(=O)C=C[C@]12C,"""01111101111001100110011100100001"""
440,DB08907,[H][C@]1(O[C@H](CO)[C@@H](O)[C@H](O)[C@H]1O)C1=CC=C(C)C(CC2=CC=C(S2)C2=CC=C(F)C=C2)=C1,"""01111110111011100111001001100011"""
441,DB08910,NC1=CC=CC2=C1C(=O)N(C1CCC(=O)NC1=O)C2=O,"""11111111100000001010011000000111"""
442,DB08911,CN1C(=O)C(C)=C2N(C(=O)N(C3CC3)C(=O)C2=C1NC1=CC=C(I)C=C1F)C1=CC(NC(C)=O)=CC=C1,"""11111111100010110010011011110111"""
443,DB08916,CN(C)C\C=C\C(=O)NC1=C(O[C@H]2CCOC2)C=C2N=CN=C(NC3=CC(Cl)=C(F)C=C3)C2=C1,"""11111111101010110010011001101111"""
444,DB08930,[H][C@]12CN3C=C(C(=O)NCC4=CC=C(F)C=C4F)C(=O)C(O)=C3C(=O)N1[C@H](C)CCO2,"""11111101111010110010011000110100"""
445,DB08931,COC(=O)N(C)C1=C(N)N=C(N=C1N)C1=NN(CC2=C(F)C=CC=C2)C2=C1C=CC=N2,"""11111111101010100011011101100111"""
446,DB08933,ClC1=CC(Cl)=C(C=C1)[C@@H]1CS\C(S1)=C(\C#N)N1C=CN=C1,"""11011110100011010000000010011010"""
447,DB08934,CC(C)OC(=O)[C@H](C)N[P@](=O)(OC[C@H]1O[C@@H](N2C=CC(=O)NC2=O)[C@](C)(F)[C@@H]1O)OC1=CC=CC=C1,"""11111111110000100110011110100111"""
448,DB09027,COC(=O)N[C@@H](C(C)C)C(=O)N1CC2(CC2)C[C@H]1C1=NC(=CN1)C1=CC=C2C3=CC=C(C=C3C(F)(F)C2=C1)C1=CC=C2NC(=NC2=C1)[C@@H]1[C@H]2CC[C@H](C2)N1C(=O)[C@@H](NC(=O)OC)C(C)C,"""11111111111110110111011101110111"""
449,DB09038,OC[C@H]1O[C@H]([C@H](O)[C@@H](O)[C@@H]1O)C1=CC=C(Cl)C(CC2=CC=C(O[C@H]3CCOC3)C=C2)=C1,"""01111110111010000111001001000011"""
450,DB09040,C[C@@H](N1CCC(=C)CC1)[C@](O)(CN1C=NC=N1)C1=C(F)C=C(F)C=C1,"""11111110100010111110100010010010"""
451,DB09049,COCCOCCOCCOCCOCCOCCOCCO[C@H]1CC[C@@]2(O)[C@H]3CC4=CC=C(O)C5=C4[C@@]2(CCN3CC=C)[C@H]1O5,"""11111100101010110011001000000000"""
452,DB09053,NC1=NC=NC2=C1C(=NN2[C@@H]1CCCN(C1)C(=O)C=C)C1=CC=C(OC2=CC=CC=C2)C=C1,"""11111111100010111010011011000011"""
453,DB09054,[H][C@@](CC)(NC1=NC=NC2=C1N=CN2)C1=NC2=CC=CC(F)=C2C(=O)N1C1=CC=CC=C1,"""11111111100000110011011011010111"""
454,DB09060,NC(=O)[C@@H]1CC[C@@H]2CN1C(=O)N2OS(O)(=O)=O,"""11111101100101010010011000010100"""
455,DB09063,CC(C)OC1=C(NC2=NC=C(Cl)C(N2)=NC2=CC=CC=C2S(=O)(=O)C(C)C)C=C(C)C(=C1)C1CCNCC1,"""11111110100011110010111001100011"""
456,DB09065,CC(C)C1=NC(CN(C)C(=O)N[C@@H](CCN2CCOCC2)C(=O)N[C@H](CC[C@H](CC2=CC=CC=C2)NC(=O)OCC2=CN=CS2)CC2=CC=CC=C2)=CS1,"""11111111111101110111011001100101"""
457,DB09072,[Na+].OCCCC([O-])=O,"""11111100100000001000000000000000"""
458,DB09074,FC1=CC=C(CC2=NNC(=O)C3=CC=CC=C23)C=C1C(=O)N1CCN(CC1)C(=O)C1CC1,"""11111111100110010011111011010111"""
459,DB09075,CN(C)C(=O)[C@H]1CC[C@H](NC(=O)C(=O)NC2=NC=C(Cl)C=C2)[C@@H](C1)NC(=O)C1=NC2=C(CN(C)CC2)S1,"""11111111110111110110011001100101"""
460,DB09079,COC(=O)C1=CC=C2C(NC(=O)\C2=C(/NC2=CC=C(C=C2)N(C)C(=O)CN2CCN(C)CC2)C2=CC=CC=C2)=C1,"""11111111101110110010011101101011"""
461,DB09080,COC1=CC=C(CC(C)(C)NC[C@H](O)C2=C3OCC(=O)NC3=CC(O)=C2)C=C1,"""11111111111010100011011011100111"""
462,DB09082,OCC1=C(O)C=CC(=C1)[C@@H](O)CNCCCCCCOCCOCC1=C(Cl)C=CC=C1Cl,"""11111110101010011110100010000010"""
463,DB09083,COC1=C(OC)C=C2[C@@H](CN(C)CCCN3CCC4=CC(OC)=C(OC)C=C4CC3=O)CC2=C1,"""11111110101010111110011001100011"""
464,DB09086,COC1=C(O)C=CC(CC=C)=C1,"""01111110101010100011000000000010"""
465,DB09096,O=C(OOC(=O)C1=CC=CC=C1)C1=CC=CC=C1,"""01111111100010000010010110000010"""
466,DB09101,[H][C@@](CO)(C(C)C)N1C=C(C(O)=O)C(=O)C2=C1C=C(OC)C(CC1=C(F)C(Cl)=CC=C1)=C2,"""11111111101010100011111011110011"""
467,DB09118,CC(C)(C)C(O)\C=C\C1=CC2=C(OCO2)C=C1,"""01111110101010100010001010101011"""
468,DB09123,[H][C@@]12CC[C@@](O)(CC#N)[C@@]1(C)CCC1=C3CCC(=O)C=C3CC[C@@]21[H],"""11111111100000101011111000100000"""
469,DB09167,CN(C)CC\C=C1/C2=CC=CC=C2CSC2=CC=CC=C12,"""11011010100001110000001011101011"""
470,DB09183,COC1=C(C=C(C=C1C1=CC2=CC=C(NS(C)(=O)=O)C=C2C=C1)N1C=CC(=O)NC1=O)C(C)(C)C,"""11111111101011100010011011110111"""
471,DB09195,[H][C@@]12CCC[C@]1([H])C1=NN=C(CCN3CCN(CC3)C3=CC=CC(=C3)C(F)(F)F)N1C2,"""11011110100010011001001000010001"""
472,DB09212,CC(C(O)=O)C1=CC=C(CC2CCCC2=O)C=C1,"""01111110100010001011011010000011"""
473,DB09257,OC1=CC(=O)NC=C1Cl,"""11111111100000000010010010000110"""
474,DB09280,CC1=CC=C(NC(=O)C2(CC2)C2=CC=C3OC(F)(F)OC3=C2)N=C1C1=CC(=CC=C1)C(O)=O,"""11111111100110000011111011000011"""
475,DB09292,CCOC(=O)[C@H](C)C[C@@H](CC1=CC=C(C=C1)C1=CC=CC=C1)NC(=O)CCC(O)=O,"""11111111111110101111110110100010"""
476,DB09299,CC(C)OC(=O)[C@H](C)N[P@](=O)(CO[C@H](C)CN1C=NC2=C(N)N=CN=C12)OC1=CC=CC=C1,"""11111111111010110010011110110011"""
477,DB09324,[H][C@@]12CC(=O)N1[C@@]([H])(C(O)=O)C(C)(C)S2(=O)=O,"""11111101100001100010011000110100"""
478,DB09330,COC1=C(NC2=NC=CC(=N2)C2=CN(C)C3=C2C=CC=C3)C=C(NC(=O)C=C)C(=C1)N(C)CCN(C)C,"""11111111101110110010011001100011"""
479,DB09332,[Na+].[Na+].[Na+].[Na+].CC1=C(OP([O-])([O-])=O)C2=CC=CC=C2C(OP([O-])([O-])=O)=C1,"""11111110100010000010111001000011"""
480,DB09345,CCCCOC1=CC=C(OCCCN2CCOCC2)C=C1,"""11111110101010011000001010000011"""
481,DB09460,[Na+].[Na+].[O-]C([O-])=O,"""10111100100000000000000000000000"""
482,DB09488,[H]\C(CN1CCCC1)=C(\C1=CC=C(C)C=C1)C1=CC=CC(=N1)C(\[H])=C(/[H])C(O)=O,"""11111110100010111010100010111010"""
483,DB09510,N[13C](N)=O,"""10111000100000000000000000000000"""
484,DB09513,N[14C](N)=O,"""10111000100000000000000000000000"""
485,DB09517,[O--].[O--].[O--].[Na+].[Fe+3].[Fe+3].OC[C@@H](O)[C@@H](O)[C@H](O)[C@@H](O)C([O-])=O.OC[C@H]1O[C@@](CO)(O[C@H]2O[C@H](CO)[C@@H](O)[C@H](O)[C@H]2O)[C@@H](O)[C@@H]1O.OC[C@H]1O[C@@](CO)(O[C@H]2O[C@H](CO)[C@@H](O)[C@H](O)[C@H]2O)[C@@H](O)[C@@H]1O.OC[C@H]1O[C@@](CO)(O[C@H]2O[C@H](CO)[C@@H](O)[C@H](O)[C@H]2O)[C@@H](O)[C@@H]1O.OC[C@H]1O[C@@](CO)(O[C@H]2O[C@H](CO)[C@@H](O)[C@H](O)[C@H]2O)[C@@H](O)[C@@H]1O.OC[C@H]1O[C@@](CO)(O[C@H]2O[C@H](CO)[C@@H](O)[C@H](O)[C@H]2O)[C@@H](O)[C@@H]1O,"""10111100111000000110001000000000"""
486,DB09555,OC(=O)\C=C/C(O)=O.CN(C)CC[C@@H](C1=CC=C(Cl)C=C1)C1=CC=CC=N1,"""11111111100010110110010110111010"""
487,DB11071,OC1=CC=CC=C1C(=O)OC1=CC=CC=C1,"""01111111100000000010010010000010"""
488,DB11079,OCCN(CCO)CCO.OC(=O)C1=CC=CC=C1O,"""11111111101000010011010110000010"""
489,DB11085,OC1=CC(O)=CC=C1,"""01111110100000000010000010000010"""
490,DB11090,[K+].[O-][N+]([O-])=O,"""10101000100000000000000000000000"""
491,DB11157,OC1=CC=CC2=C1C(=O)C1=C(O)C=CC=C1C2,"""01111111100010000010011010000011"""
492,DB11160,CN(C)CCOC1=CC=CC=C1CC1=CC=CC=C1,"""11111010101000110000100010100010"""
493,DB11201,CC(C)[C@@H]1CC[C@@H](C)C[C@H]1OC(=O)C1=CC=CC=C1O,"""01111111100000100110010110100010"""
494,DB11217,OC[C@H]1O[C@@H](OC2=CC=C(O)C=C2)[C@H](O)[C@@H](O)[C@@H]1O,"""01111100110010000110001001000001"""
495,DB11235,COC1=CC=C(CN(CCN(C)C)C2=NC=CC=N2)C=C1,"""11111110101010110001001010100011"""
496,DB11254,CCCCCCC1=C(O)C=C(O)C=C1,"""01111110100010001010100010000010"""
497,DB11274,[H][C@@]12CCCN1C(=O)[C@H](CC(C)C)N1C(=O)[C@](NC(=O)[C@H]3CN(C)[C@]4([H])CC5=CNC6=CC=CC(=C56)[C@@]4([H])C3)(O[C@@]21O)C(C)C,"""11111101110100111011011000110000"""
498,DB11323,OCCOC(=O)C1=CC=CC=C1O,"""01111111101000000010010110000010"""
499,DB11327,[O-][N+]1=CC=CC=C1SSC1=CC=CC=[N+]1[O-],"""11110010000001000000000010000010"""
500,DB11328,CCCCC(CC)CCC(CC(C)C)OS(O)(=O)=O,"""01111100100001101011010000100000"""
501,DB11359,COC1=C(O)C=CC=C1,"""01111110101010000010000010000010"""
502,DB11574,[H][C@]1(CCCN1C(=O)[C@@H](NC(=O)OC)C(C)C)C1=NC=C(N1)C1=CC2=C(C=C1)N1[C@@H](OC3=C(C=CC(=C3)C3=CN=C(N3)[C@]3([H])CCCN3C(=O)[C@@H](NC(=O)OC)C(C)C)C1=C2)C1=CC=CC=C1,"""11111111100110111111011011110011"""
503,DB11575,COC1=CC2=NC3=C(CCCCC[C@@H]4C[C@H]4OC(=O)N[C@H](C(=O)N4C[C@@H](C[C@H]4C(=O)N[C@@]4(C[C@H]4C=C)C(=O)NS(=O)(=O)C4CC4)O3)C(C)(C)C)N=C2C=C1,"""11111111111011101111011111100111"""
504,DB11584,[H]N1CCCCC1C(O)(C1=CC=CC=C1)C1=CC=CC=C1,"""11111110100000001010100010010010"""
505,DB11587,CCN(C)[C@@H](C)[C@H](O)C1=CC=CC=C1,"""11111010110000110110000010100010"""
506,DB11590,[Na+].CC[Hg]SC1=CC=CC=C1C([O-])=O,"""11111110100001000000000010000010"""
507,DB11611,CS(=O)(=O)C1=CC(C[C@H](NC(=O)C2=C(Cl)C3=C(CN(CC3)C(=O)C3=CC=C4C=COC4=C3)C=C2Cl)C(O)=O)=CC=C1,"""11111111111111010011011011000011"""
508,DB11614,CC1=CC(CN2CCC(CC2)=C2C3=CC=C(Cl)C=C3CCC3=C2N=CC=C3)=CN=C1,"""11011110100010011001101001000011"""
509,DB11619,[H][C@@]12CC[C@@](O)(C#C)[C@@]1(CC)C=CC1=C3CCC(=O)C=C3CC[C@@]21[H],"""01111111100000101011111000000000"""
510,DB13146,N[C@]1(C[C@H]([18F])C1)C(O)=O,"""10111110110000000010000000000000"""
511,DB13155,OC[C@H]1O[C@@H](OC2=C(O)C=C3OC(=O)C=CC3=C2)[C@H](O)[C@@H](O)[C@@H]1O,"""01111101110010000110011101000001"""
512,DB13158,[H][C@]1(C)C[C@@]2([H])[C@]3([H])CCC4=CC(=O)C=C[C@]4(C)[C@@]3(F)C(=O)C[C@]2(C)[C@@]1(O)C(=O)CCl,"""01111101100000101010011000100000"""
513,DB13179,CO[C@H]1C[C@H](O[C@H]2[C@H](C)[C@@H](O[C@@H]3O[C@H](C)C[C@@H]([C@H]3OC(C)=O)N(C)C)[C@@H](C)C[C@@]3(CO3)C(=O)[C@H](C)[C@@H](OC(C)=O)[C@@H](C)[C@@H](C)OC(=O)[C@@H]2C)O[C@@H](C)[C@@H]1OC(C)=O,"""10111101111000100110011100100000"""
514,DB13257,[Fe++].[O-]S([O-])(=O)=O,"""00101000100001000010010000000000"""
515,DB13872,CN1C2=C(C=C(Cl)C=C2)C(=NC(O)C1=O)C1=CC=CC=C1Cl,"""11111110100010010010011011010011"""
516,DB13908,CCCCCC1=CC=C(C)C=C1O,"""01111110100010101000100010100010"""
517,DB13931,CC1=CC(C)=C(C=C1)C(=O)OCC1=CC=C(C=C1)[C@@H](CN)C(=O)NC1=CC=C2C=NC=CC2=C1,"""11111111100010110110111011100111"""
518,DB13943,[H][C@@]12CC[C@H](OC(=O)CCC3CCCC3)[C@@]1(C)CC[C@@]1([H])[C@@]2([H])CCC2=CC(=O)CC[C@]12C,"""01111101110000101010011100100001"""
519,DB13944,[H][C@@]12CC[C@H](OC(=O)CCCCCC)[C@@]1(C)CC[C@@]1([H])[C@@]2([H])CCC2=CC(=O)CC[C@]12C,"""01111101110000101010011100100001"""
520,DB13949,[Fe+3],"""00000000000000000000000000000000"""
521,DB13967,CCN(CC)C1=CC=C(C=C1)C(=C1C=CC(C=C1)=[N+](CC)CC)C1=C(C=C(C(O)=C1)S(O)(=O)=O)S(O)(=O)=O,"""11111110100011110011010010000010"""
522,DB14019,CN(C(=O)C(C)(C)C1=CC(=CC(=C1)C(F)(F)F)C(F)(F)F)C1=CN=C(C=C1C1=CC=CC=C1C)N1CC[N+](C)(COP(O)([O-])=O)CC1,"""11111111101010110010110010110010"""
523,DB14507,[Li+].[Li+].[Li+].OC(CC([O-])=O)(CC([O-])=O)C([O-])=O,"""01111100100000000011010000000000"""
524,DB14509,[Li+].[Li+].[O-]C([O-])=O,"""00111100100000000000000000000000"""
525,DB14520,O.O.O.O.O.O.O.O.O.O.[Fe+3].[Fe+3].[Fe+3].[Fe+3].[O-]C(=O)CC([O-])(CC([O-])=O)C([O-])=O.[O-]C(=O)CC([O-])(CC([O-])=O)C([O-])=O.[O-]C(=O)CC([O-])(CC([O-])=O)C([O-])=O,"""01111101100000000011010000000000"""
526,DB14754,N[C@@H](COC(N)=O)CC1=CC=CC=C1,"""11111110101000000110110010000010"""
527,DB15617,[Fe+3].OC[C@H](O)[C@@H](O)[C@H](O)[C@H](O)CO[C@H]1O[C@H](CO[C@H]2O[C@H](CO)[C@@H](O)[C@H](O)[C@H]2O)[C@@H](O)[C@H](O)[C@H]1O,"""00111000111000000110001000000000"""
528,DB15690,[H][C@@]12C[C@@H]([18F])[C@H](O)[C@@]1(C)CC[C@]1([H])C3=C(CC[C@@]21[H])C=C(O)C=C3,"""01111100110010100111001000100000"""
529,DB15982,NCC1=CC(=CC=C1)N1N=C(C=C1C(=O)NC1=CC(=CC=C1F)[C@H](NCC1CC1)C1=CC=CC(=C1)C#N)C(F)(F)F,"""11111111110010000010110010010110"""
530,DB16019,[68Ga+3].OC(=O)CC[C@H](NC(=O)N[C@@H](CCCCNC(=O)CCCCCNC(=O)CCC1=CC(CN(CCN(CC([O-])=O)CC2=C(O)C=CC(CCC([O-])=O)=C2)CC([O-])=O)=C(O)C=C1)C(O)=O)C(O)=O,"""11111111110110011111111111000111"""